uniqueID,eclosion_date,trik_cohort,eclosion_days,well_id,organism,Trikinetics_position,Trik_monitor,Trikinetics_entry_LD_time,Trikinetic_exit_date,Trikinetics_exit_LD_time,notes_2,Free_run_trik_monitor,Free_run_trik_position,Free_run_entry_date,Free_run_entry_time,Free_run_exit_date,Free_run_exit_time,notes_3,cohort day,host,cohort date
3w35,9/25/2017,1,30,B8,wasp,21,2,16:08,1/17/2010,9:00,missing,,,,,,,,,,
4o60,9/25/2017,1,29,D8,wasp,13,2,16:08,7/17/2010,16:40,dead,,,,,,,,,,
2b8,9/26/2017,1,32,A3,fly,30,2,16:08,5/17/2010,12:45,,,,,,,,,,,
2b20,9/26/2017,1,32,A7,fly,18,2,16:08,12/17/2010,20:18,,3,6,12/17/2010,20:18,,,,,,
2r33,9/26/2017,1,32,B10,fly,23,2,16:08,12/17/2010,20:18,,3,9,12/17/2010,20:18,,,,,,
2r38,9/26/2017,1,32,B12,fly,27,2,16:08,12/17/2010,20:18,,3,10,12/17/2010,20:18,,,,,,
3o6,9/26/2017,1,31,A3,wasp,17,2,16:08,6/17/2010,14:46,frozen,,,,,,,,,,
3w51,9/27/2017,1,32,C6,fly,1,2,16:54,12/17/2010,20:18,,3,5,12/17/2010,20:18,,,,,,
4o9,9/27/2017,1,33,A5,fly,15,2,12:15,1/17/2010,9:00,frozen,,,,,,,,,,
4w66,9/27/2017,1,31,D11,fly,23,2,16:54,,,,,,,,,,,,,
3w25,9/28/2017,1,33,B2,fly,2,2,10:09,3/17/2010,9:40,frozen,,,,,,,,,,
3w47,9/28/2017,1,33,C4,fly,16,2,10:10,4/17/2010,11:11,missing,,,,,,,,,,
4o7,9/28/2017,1,32,A4,fly,31,2,10:09,12/17/2010,20:18,,3,3,12/17/2010,20:18,10/21/2017,22:53,,,,
4o16,9/28/2017,1,32,A11,fly,29,2,10:09,1/17/2010,9:00,frozen,,,,,,,,,,
4o21,9/28/2017,1,32,B2,fly,22,2,10:11,12/17/2010,20:18,,3,7,12/17/2010,20:18,,,,,,
4o53,9/28/2017,1,32,C12,fly,6,2,10:00,3/17/2010,9:40,missing,,,,,,,,,,
4o76,9/28/2017,1,32,E9,fly,4,2,10:11,10/13/2017,21:04,,3,8,10/13/2017,21:04,,,,,,
5b65,9/28/2017,1,31,E6,fly,28,2,10:11,12/17/2010,20:18,,2,24,12/17/2010,20:18,,,,,,
4o5,9/29/2017,1,33,A3,fly,19,2,12:20,10/13/2017,21:04,,3,25,10/13/2017,21:04,,,,,,
4o13,9/29/2017,1,33,A9,fly,12,2,12:16,,,,,,,,,,,,,
4o17,9/29/2017,1,33,A12,fly,10,2,12:16,3/17/2010,9:40,frozen,,,,,,,,,,
5w4,9/29/2017,1,32,A3,fly,14,2,12:20,12/17/2010,20:18,,3,2,12/17/2010,20:18,,,,,,
5w22,9/29/2017,1,32,A9,fly,24,2,12:21,12/17/2010,20:18,,3,21,12/17/2010,20:18,,,,,,
5w69,9/29/2017,1,32,C2,fly,5,2,12:22,12/17/2010,20:18,,3,22,12/17/2010,20:18,,,,,,
5b11,9/29/2017,1,32,C11,fly,7,2,12:23,12/17/2010,20:18,,3,14,12/17/2010,20:18,,,,,,
5b24,9/29/2017,1,32,D3,fly,20,2,12:24,12/17/2010,20:18,,3,19,12/17/2010,20:18,,,,,,
5b26,9/29/2017,1,32,D5,fly,,,,,,died in tube,,,,,,,,,,
5b34,9/29/2017,1,32,D9,fly,26,2,12:25,12/17/2010,20:18,,3,11,12/17/2010,20:18,,,,,,
4w51,9/30/2017,1,34,C9,fly,21,2,9:46,5/17/2010,12:45,,,,,,,,,,,
10w73,2/17/2010,1,30,C6,fly,29,2,11:23,12/17/2010,20:18,,3,12,12/17/2010,20:18,,,,,,
10o46,2/17/2010,1,30,E6,fly,15,2,11:22,12/17/2010,20:18,,3,13,12/17/2010,20:18,,,,,,
2b18,3/17/2010,1,40,A6,fly,6,2,10:25,12/17/2010,20:18,,3,26,12/17/2010,,,,,,,
10w12,3/17/2010,1,31,A4,fly,10,2,10:26,12/17/2010,20:18,,3,27,12/17/2010,20:18,,,,,,
10o49,3/17/2010,1,31,E7,fly,2,2,10:24,12/17/2010,20:18,,3,28,12/17/2010,20:18,,,,,,
11w31,3/17/2010,1,32,B3,fly,11,2,10:31,12/17/2010,20:18,,3,15,12/17/2010,20:18,,,,,,
11o53,3/17/2010,1,32,C8,fly,32,2,10:25,12/17/2010,20:18,,3,16,12/17/2010,20:18,,,,,,
10w11,4/17/2010,1,32,A3,fly,5,1,11:11,12/17/2010,20:18,,3,32,12/17/2010,20:18,,,,,,
10w20,4/17/2010,1,32,A9,fly,9,1,11:11,12/17/2010,20:18,,3,1,12/17/2010,20:18,,,,,,
10o26,4/17/2010,1,32,B1,fly,32,1,11:12,12/17/2010,20:18,,3,18,12/17/2010,20:18,,,,,,
11w56,4/17/2010,1,33,B1,fly,25,1,11:12,12/17/2010,20:18,,3,17,12/17/2010,20:18,,,,,,
12w49,4/17/2010,1,30,C6,fly,3,1,11:12,,,,,,,,,,,,,
12b38,4/17/2010,1,30,B11,fly,22,1,11:12,,,disturbed to check for dead 2017-10-23;11:30,,,,,,,,,,
13o16,4/17/2010,1,29,A11,fly,18,1,11:12,10/20/2017,17:42,,,,,,,,,,,
2b36,5/17/2010,2,42,B2,fly,2,1,14:30,8/17/2010,11:51,Almost dead,,,,,,,,,,
11o19,5/17/2010,2,#REF!,B9,fly,12,1,14:30,10/13/2017,21:01,,3,20,10/13/2017,21:06,,,,,,
11o30,5/17/2010,2,#REF!,C1,fly,27,1,14:30,10/13/2017,21:01,disturbed to check death 2017-10-20 20:23,3,31,10/13/2017,21:06,,,,,,
12w40,5/17/2010,2,#REF!,B12,fly,8,1,14:31,10/13/2017,21:01,changed water 2017-10-21 22:59,3,30,10/13/2017,21:06,,,,,,
12w75,5/17/2010,2,#REF!,D8,fly,31,1,14:31,10/17/2010,14:56,water tube dried up; died. frozen,,,,,,,,,,
12b43,5/17/2010,2,#REF!,C2,fly,15,1,14:31,10/13/2017,21:01,,3,29,10/13/2017,21:06,,,,,,
13o50,5/17/2010,2,#REF!,C9,fly,29,1,14:32,10/13/2017,21:01,,3,25,10/13/2017,21:06,,,,,,
2b35,6/17/2010,3,43,B1,fly,28,1,16:00,10/14/2017,20:10,disturbed to check death 2017-10-20 20:19,4,5,10/14/2017,20:10,,,,,,
10o3,6/17/2010,3,34,C8,fly,16,2,16:01,9/17/2010,9:35,,,,,,,,,,,
10o20,6/17/2010,3,34,E1,fly,1,1,16:00,10/14/2017,20:10,,4,31,10/14/2017,20:10,,,,,,
11o51,6/17/2010,3,35,C6,fly,25,2,16:00,10/17/2010,14:56,cotton dried up died; frozen,,,,,,,,,,
11o52,6/17/2010,3,35,C7,fly,24,1,16:01,11/17/2010,15:16,frozen,,,,,,,,,,
12w21,6/17/2010,3,36,A10,fly,9,2,16:02,10/14/2017,20:10,,4,16,10/14/2017,20:10,10/21/2017,22:56,,,,
13r8,6/17/2010,3,33,A5,fly,13,1,16:02,10/14/2017,20:10,,4,30,10/14/2017,20:10,,,,,,
13r13,6/17/2010,3,33,A9,fly,16,1,16:03,10/14/2017,20:10,,4,11,10/14/2017,20:10,,,,,,
13r17,6/17/2010,3,33,A12,fly,17,2,16:02,10/14/2017,20:10,changed water 2017-10-21 22:58,4,32,10/14/2017,20:10,,,,,,
13o28,6/17/2010,3,31,B6,fly,7,1,16:02,10/14/2017,20:10,,4,6,10/14/2017,20:10,,,,,,
13o60,6/17/2010,3,31,D3,fly,30,1,16:01,10/14/2017,20:10,,4,1,10/14/2017,20:10,,,,,,
14b13,6/17/2010,3,30,B3,fly,30,2,16:02,11/17/2010,15:15,frozen,,,,,,,,,,
3w26,7/17/2010,4,42,B3,fly,26,1,17:24,10/15/2017,20:08,,4,2,10/15/2017,20:11,,,,,,
12b3,7/17/2010,4,33,A4,fly,3,2,17:25,10/15/2017,20:08,disturbed 2017-10-19,4,27,10/15/2017,20:11,,,,,,
13o29,7/17/2010,4,32,B7,fly,4,1,17:25,10/15/2017,20:08,,4,17,10/15/2017,20:11,,,,,,
13o45,7/17/2010,4,32,C5,fly,13,2,17:26,10/15/2017,20:08,,4,25,10/15/2017,20:11,10/20/2017,20:21,,,,
14r44,7/17/2010,4,31,D1,fly,10,1,17:26,10/15/2017,20:08,disturbed 2017-10-18,4,3,10/15/2017,20:11,,,,,,
13r1,8/17/2010,5,33,A1,fly,20,1,11:47,9/17/2010,9:35,escaped,,,,,,,,,,
12b6,9/17/2010,6,35,A8,wasp,17,1,10:18,10/17/2017,20:08,,4,19,10/17/2017,20:08,,,,,,
14r35,9/17/2010,6,33,C6,fly,16,2,10:18,10/17/2017,20:08,,4,12,10/17/2017,20:08,,,,,,
16w3,9/17/2010,6,31,A7,fly,23,1,10:18,10/17/2017,20:08,,4,15,10/17/2017,20:08,,,,,,
2b30,10/17/2010,7,47,A10,fly,2,1,15:52,10/18/2017,20:00,,4,9,10/18/2017,20:05,,,,,,
16o8,10/17/2010,7,32,G4,fly,11,1,15:53,10/18/2017,20:00,,4,4,10/18/2017,20:05,,,,,,
16o32,10/17/2010,7,32,E2,fly,6,1,15:53,10/18/2017,20:00,,4,26,10/18/2017,20:05,,,,,,
16w2,10/17/2010,7,32,C7,fly,25,2,15:52,10/18/2017,17:04,this one dead?,,,,,,,,,,
16w8,10/17/2010,7,32,F1,fly,21,2,15:53,10/18/2017,20:00,,4,1,10/18/2017,20:05,,,,,,
18w16,10/17/2010,7,30,F9,fly,19,1,15:54,10/13/2017,13:39,frozen,,,,,,,,,,
4w55,11/17/2010,8,45,D1,fly,21,1,16:15,10/19/2017,20:10,,4,22,10/19/2017,20:10,,,,,,
16w22,11/17/2010,8,33,C10,fly,20,1,16:15,10/19/2017,20:10,,4,16,10/19/2017,20:10,,,,,,
18b5,11/17/2010,8,31,F5,fly,24,1,16:16,10/19/2017,20:10,,4,7,10/19/2017,20:10,,,,,,
18w1,11/17/2010,8,31,D9,fly,30,2,16:14,10/19/2017,20:10,,4,14,10/19/2017,20:10,,,,,,
3o41,12/17/2010,9,47,B11,fly,28,2,20:21,10/20/2017,20:16,,4,28,10/20/2017,20:24,,,,,,
3w38,12/17/2010,9,47,B10,fly,32,2,20:21,10/20/2017,20:16,,3,23,10/20/2017,20:24,,,,,,
5w2,12/17/2010,9,45,A2,fly,29,2,20:21,10/20/2017,20:16,,3,12,10/20/2017,20:24,,,,,,
13o11,12/17/2010,9,37,A7,fly,1,2,20:21,10/20/2017,20:16,,4,24,10/20/2017,20:24,,,,,,
18w20,12/17/2010,9,32,F7,fly,19,2,20:21,10/16/2017,17:46,frozen,,,,,,,,,,
19o28,12/17/2010,9,31,G1,fly,31,2,20:21,10/20/2017,20:16,disturbed 2017-10-22 to check deaths;20:40,4,25,10/20/2017,20:24,,,,,,
4o70,10/13/2017,10,47,E4,fly,25,1,14:03,10/16/2017,17:48,dead; frozen,,,,,,,,,,
20r4,10/13/2017,10,31,F12,fly,2,2,17:33,10/14/2017,10:55,not completely eclosed when put in trikinetics,,,,,,,,,,
20b16,10/13/2017,10,31,E7,fly,7,2,14:03,10/21/2017,22:50,,4,18,10/21/2017,22:51,,,,,,
2b39,10/14/2017,11,33,B3,fly,23,2,11:22,10/22/2017,20:36,,4,16,10/22/2017,20:37,,,,,,
3o14,10/14/2017,11,33,A9,fly,11,2,11:21,10/22/2017,20:36,,3,3,10/22/2017,20:37,,,,,,
19o17,10/14/2017,11,33,E12,fly,,,,10/14/2017,11:21,not put into trikinetics because it died,,,,,,,,,,
2r2,10/15/2017,12,34,B6,fly,29,1,10:14,10/19/2017,19:03,,,,,,,,,,,
2r41,10/16/2017,13,51,C2,fly,2,2,19:37,,,,,,,,,,,,,
4w46,10/16/2017,13,50,C7,fly,4,2,19:38,10/18/2017,17:09,,,,,,,,,,,
5b31,10/16/2017,13,,D8,fly,8,1,19:37,,,,,,,,,,,,,
h4o4,10/16/2017,13,6,B11,wasp,1,1,19:37,,,,,,,,,,,,,
h2b25,10/17/2017,14,9,G9,wasp,14,1,14:16,,,,,,,,,,,,,
h2b28,10/17/2017,14,9,H1,wasp,18,2,14:16,,,,,,,,,,,,,
h4w8,10/17/2017,14,7,B4,wasp,14,2,14:17,,,disturbed to check death 2017-10-20,,,,,,,,,,
3w9,10/18/2017,15,53,A5,fly,25,1,18:18,,,,,,,,,,,,,
12w55,10/18/2017,15,44,C9,fly,25,2,18:18,,,,,,,,,,,,,
14b32,10/18/2017,15,42,C2,fly,9,1,18:19,,,,,,,,,,,,,
h2r15,10/19/2017,16,11,C10,wasp,10,2,19:38,,,,,,,,,,,,,
h4o10,10/19/2017,16,9,E3,wasp,6,2,19:38,,,,,,,,,,,,,
h7o61,10/19/2017,16,6,C10,wasp,5,2,19:38,,,,,,,,,,,,,
2b23,10/20/2017,17,57,A8,fly,16,2,13:04,,,,,,10/16/2017,20:17,,,,,,
2b26,10/20/2017,17,57,A9,fly,19,2,13:04,,,2017-10-21 checked tube 18:29 ; ,,,,,,,,,,
3o49,10/20/2017,17,55,C3,fly,13,2,13:03,,,,,,,,,,,,,
11o24,10/20/2017,17,47,B11,fly,12,2,13:02,,,,,,,,,,,,,
14r25,10/20/2017,17,44,B9,fly,20,2,13:05,,,,,,,,,,,,,
16w25,10/20/2017,17,42,F7,fly,21,2,13:05,,,,,,,,,,,,,
h5o22,10/20/2017,17,9,G9,wasp,22,2,13:06,,,,,,,,,,,,,
h6w21,10/20/2017,17,8,E5,wasp,24,2,13:06,10/20/2017,17:30,,,,,,,,,,,
h6b8,10/20/2017,17,8,H11,wasp,27,2,13:07,,,2017-10-21 disturbed to check death 18:25,,,,,,,,,,
h7r54,10/20/2017,17,7,H9,wasp,2,1,13:08,,,,,,,,,,,,,
2r23,10/21/2017,18,57,C10,wasp,31,1,19:28,,,,,,,,,,,,,
3o51,10/21/2017,18,56,C5,fly,17,1,19:27,,,,,,,,,,,,,
5b25,10/21/2017,18,54,D4,fly,26,1,19:28,,,,,,,,,,,,,
13o55,10/21/2017,18,46,D2,fly,4,1,19:27,,,,,,,,,,,,,
14b3,10/21/2017,18,45,A3,fly,1,2,19:27,,,,,,,,,,,,,
h2r23,10/21/2017,18,13,C10,wasp,31,2,17:28,,,,,,,,,,,,,
h6b11,10/21/2017,18,9,C4,wasp,19,1,19:28,,,,,,,,,,,,,
4o12,10/22/2017,19,58,A8,fly,12,1,10:16,,,,,,,,,,,,,
5b8,10/22/2017,19,55,C9,fly,24,1,10:16,,,,,,,,,,,,,
10w53,10/22/2017,19,50,B11,fly,6,1,10:17,,,disturbed for water 2017-10-23;11:39,,,,,,,,,,
12w1,10/22/2017,19,50,A1,fly,28,1,10:17,,,,,,,,,,,,,
h2b12,10/22/2017,19,14,F9,wasp,10,1,10:16,,,,,,,,,,,,,
h4o12,10/22/2017,19,27,A8,fly,12,1,10:16,,,,,,,,,,,,,
h6b30,10/22/2017,19,10,C3,wasp,29,1,10:16,,,,,,,,,,,,,
4o15,10/23/2017,20,57,A10,fly,29,2,11:00,,,,,,,,,,,,,
5w63,10/23/2017,20,25,B11,fly,9,2,10:56,,,,,,,,,,,,,
5w73,10/23/2017,20,25,C5,fly,11,2,10:58,,,,,,,,,,,,,
14b35,10/23/2017,20,47,C5,fly,24,2,11:00,,,,,,,,,,,,,
19o26,10/23/2017,20,42,B2,fly,23,2,10:59,,,,,,,,,,,,,
4w1,10/24/2017,21,58,A2,fly,,,,,,lost; flew away,,,,,,,,,,
4w56,10/24/2017,21,58,D3,fly,27,2,10:29,10/25/2017,9:54,,,,,,,,,,,
10w54,10/24/2017,21,52,B12,fly,31,2,10:28,,,changed water 2017-10-26 10:59,,,,,,,,,,
10o73,10/25/2017,22,54,F1,fly,3,1,9:49,,,,,,,,,,,,,
12w3,10/25/2017,22,52,A3,fly,32,2,9:49,,,,,,,,,,,,,
12w74,10/25/2017,22,52,D7,fly,23,1,9:50,,,,,,,,,,,,,
19o7,10/25/2017,22,44,B8,fly,1,1,9:52,,,,,,,,,,,,,
3w15,10/26/2017,23,61,A10,fly,27,1,10:18,,,,,,,,,,,,,
4o73,10/26/2017,23,60,E7,fly,15,2,10:18,10/29/2017,9:15,,,,,,,,,,,
13r42,10/26/2017,23,51,C2,fly,18,1,10:19,,,,,,,,,,,,,
16w21,10/26/2017,23,48,B1,fly,2,2,10:19,,,,,,,,,,,,,
14b9,10/27/2017,24,51,A10,fly,5,2,11:52,,,,,,,,,,,,,
2b3,10/28/2017,25,64,A1,fly,8,1,3:34,,,,,,,,,,,,,
2b33,10/28/2017,25,64,A12,fly,9,1,3:34,,,changed water 2017-10-31 11:10 ,,,,,,,,,,
5w42,10/28/2017,25,61,B4,fly,10,2,3:34,,,,,,,,,,,,,
10w15,10/28/2017,25,56,A6,fly,12,2,3:34,,,,,,,,,,,,,
11w26,10/28/2017,25,57,A6,fly,25,2,3:34,,,,,,,,,,,,,
13r56,10/28/2017,25,53,D1,fly,30,2,3:34,,,,,,,,,,,,,
h3o24,10/28/2017,25,19,F10,wasp,4,1,3:34,,,,,,,,,,,,,
h4o2,10/28/2017,25,18,F4,wasp,2,1,3:34,,,,,,,,,,,,,
h7o51,10/28/2017,25,15,A11,wasp,25,1,3:34,,,,,,,,,,,,,
4o55,10/29/2017,26,63,D4,fly,6,2,11:52,,,,,,,,,,,,,
5w25,10/29/2017,26,62,A11,fly,14,2,9:36,,,,,,,,,,,,,
18b4,10/29/2017,26,49,F2,fly,21,2,9:36,,,,,,,,,,,,,
h10b4,10/30/2017,27,31,A1,fly,26,2,10:42,,,,,,,,,,,,,
4o37,10/31/2017,28,60,C3,fly,31,2,10:40,,,,,,,,,,,,,
4o61,10/31/2017,28,59,D9,fly,28,1,10:41,,,changed water 217-10-31 11:11 ,,,,,,,,,,
h8w4,10/31/2017,28,32,F2,fly,12,1,10:39,,,,,,,,,,,,,
h8o14,10/31/2017,28,32,G8,fly,6,1,10:40,,,changed water 2017-10-31 11:13-11:15 ,,,,,,,,,,
5w64,1/17/2011,29,65,B12,fly,1,1,,5/17/2011,,,,,,,,,,,,
10w33,1/17/2011,29,61,B5,fly,24,2,,,,,,,,,,,,,,
10o38,1/17/2011,29,61,E3,fly,19,2,,,,,,,,,,,,,,
10o75,1/17/2011,29,61,F3,fly,30,2,,,,,,,,,,,,,,
12b32,1/17/2011,29,58,B8,fly,21,1,,,,,,,,,,,,,,
18b26,1/17/2011,29,52,C5,fly,17,1,,4/17/2011,,,,,,,,,,,,
h8o5,1/17/2011,29,34,E1,fly,27,2,,,,,,,,,,,,,,
h8o12,1/17/2011,29,34,C10,fly,19,1,,,,,,,,,,,,,,
4w30,2/17/2011,30,68,B9,fly,23,2,,,,,,,,,,,,,,
10w34,2/17/2011,30,62,B6,fly,4,1,,,,,,,,,,,,,,
10o62,2/17/2011,30,61,E11,fly,31,1,,6/17/2011,,,,,,,,,,,,
14b18,2/17/2011,30,57,B5,fly,10,1,,9/17/2011,,,,,,,,,,,,
h8w6,2/17/2011,30,34,D12,fly,28,2,,,,,,,,,,,,,,
2r48,3/17/2011,31,70,C3,fly,2,2,,,,,,,,,,,,,,
5w30,3/17/2011,31,67,B1,fly,4,2,,,,,,,,,,,,,,
5w75,3/17/2011,31,67,C6,fly,7,2,,4/17/2011,,,,,,,,,,,,
h4w10,3/17/2011,31,70,A7,fly,9,2,,,,,,,,,,,,,,
4w76,4/17/2011,32,69,E6,fly,26,1,,,,,,,,,,,,,,
5w53,4/17/2011,32,68,B7,fly,32,2,,,,,,,,,,,,,,
10w56,4/17/2011,32,63,C1,fly,1,1,,,,,,,,,,,,,,
14r14,5/17/2011,33,60,B2,fly,3,1,,,,,,,,,,,,,,
19r7,5/17/2011,33,55,D4,fly,3,2,,6/17/2011,,,,,,,,,,,,
4o25,6/17/2011,34,71,B6,fly,3,2,,,,,,,,,,,,,,
4w27,6/17/2011,34,71,B7,fly,5,2,,,,,,,,,,,,,,
12w43,7/17/2011,35,65,C1,fly,25,2,,,,,,,,,,,,,,
16w1,7/17/2011,35,62,H7,fly,15,1,,,,,,,,,,,,,,
3o40,9/17/2011,36,75,B9,fly,2,1,,,,,,,,,,,,,,
5w57,9/17/2011,36,73,B9,fly,24,1,,,,,,,,,,,,,,
11w25,9/17/2011,36,68,A5,fly,7,2,,,,,,,,,,,,,,
16o15,9/17/2011,36,62,H12,fly,30,1,,,,,,,,,,,,,,
16o31,9/17/2011,36,62,G2,fly,11,2,,,,,,,,,,,,,,
16w7,9/17/2011,36,62,B2,fly,17,1,,,,,,,,,,,,,,
11o24,9/17/2011,36,67,B11,fly,14,1,,,,,,,,,,,,,,
11o3,10/17/2011,37,68,B6,fly,12,2,10:58,11/14/2017,10:15,cotton dry ,,,,,,,,,,
14r56,10/17/2011,37,65,D11,fly,10,2,10:58,,,,,,,,,,,,,
5b14,11/17/2011,38,75,D1,fly,20,1,10:09,11/15/2017,9:47,cotton dry ,,,,,,,,,,
10o52,11/17/2011,38,70,E8,fly,10,1,10:09,,,changed water: 2017-11-15 10:17,,,,,,,,,,
skipped cohort,11/17/2011,38,73,G6,fly,22,2,10:11,,,,,,,,,,,8,Apple,8/31/2017
skipped cohort,11/17/2011,38,72,B5,fly,8,1,10:12,11/13/2017,11:03,,,,,,,,,9,Apple,1/17/2009
12b53,12/17/2011,39,69,C8,fly,2,2,12:57,11/15/2017,9:50,,,,,,,,,,,
13r28,12/17/2011,39,68,B4,fly,4,2,12:57,,,,,,,,,,,,,
18b28,11/13/2017,39,64,E11,fly,14,2,11:08,,,,,,,,,,,,,
h8o2,11/13/2017,39,45,B10,fly,6,2,11:08,11/16/2017,10:07,changed water: 2017-11-15 10:19; stuck on food ,,,,,,,,,,
skipped cohort,11/13/2017,39,75,E7,fly,18,2,11:08,,,,,,,,,,,7,Apple,8/30/2017
skipped cohort,11/13/2017,39,74,C2,fly,9,2,11:08,,,,,,,,,,,9,Apple,1/17/2009
11o38,11/14/2017,40,72,C5,fly,1,1,10:11,,,changed water 2017-11-16 10:18,,,,,,,,,,
18w9,11/14/2017,40,65,A10,fly,7,1,10:11,,,,,,,,,,,,,
h5o3,11/14/2017,40,34,D8,fly,29,2,10:12,,,,,,,,,,,,,
13o42,11/15/2017,41,71,C3,fly,27,1,9:46,,,,,,,,,,,,,
16w5,11/15/2017,41,70,G5,fly,4,1,9:46,,,,,,,,,,,,,
14r12,11/16/2017,42,71,B1,fly,32,2,10:00,,,,,,,,,,,,,
h10r4,11/16/2017,42,47,G8,fly,27,2,10:01,,,,,,,,,,,,,
skipped cohort,11/16/2017,42,55,C4,fly,20,2,10:00,,,,,,,,,,,1,Haw,9/22/2017
skipped cohort,11/16/2017,42,78,E5,fly,12,1,10:01,,,,,,,,,,,8,Apple ,8/31/2017
skipped cohort,11/16/2017,42,77,A11,fly,8,1,10:01,,,,,,,,,,,9,Apple,1/17/2009
3w20,11/19/2017,43,75,A12,fly,23,1,9:40,,,,,,,,,,,,,
11w10,11/19/2017,43,78,A2,fly,10,1,9:40,,,,,,,,,,,,,
18b14,11/20/2017,44,71,G5,fly,5,2,13:24,,,,,,,,,,,,,
h8o16,11/20/2017,44,52,A7,wasp,12,2,13:24,,,,,,,,,,,,,
h9w4,11/20/2017,44,51,E12,wasp,30,1,13:25,,,,,,,,,,,,,
14b44,11/21/2017,45,79,D2,fly,3,2,12:04,,,,,,,,,,,,,
18w17,11/22/2017,46,72,E2,fly,4,2,14:34,,,,,,,,,,,,,
12w4,11/26/2017,,84,A5,fly,25,2,12:32,11/28/2017,9:33,"stuck on food, 2017-11-27: disturbed to check for death 10:12",,,,,,,,,,
14b39,11/26/2017,,84,C9,fly,27,2,12:32,,,2017-11-30 changed water,,,,,,,,,,
h9o4,11/26/2017,,57,A2,fly,30,2,12:32,,,2017-11-30 changed water,,,,,,,,,,
12b70,11/27/2017,,84,D5,fly,6,2,11:20,,,,,,,,,,,,,
4w37,11/28/2017,,90,B12,fly,1,1,9:30,,,,,,,,,,,,,
h2r29,11/29/2017,,68,D5,fly,8,1,10:02,,,disturbed to correct tape 2017-11-29 10:35 ,,,,,,,,,,
h4w2,11/29/2017,,66,G1,fly,19,1,10:03,,,disturbed to correct tape 2017-11-29 10:35 ,,,,,,,,,,
3o19,11/30/2017,,96,,,,,,,,eclosed but dead 2017-11-30,,,,,,,,,,
14b30,1/17/2012,,90,C1,fly,3,2,10:36,,,,,,,,,,,,,
h2b1,2/17/2012,,71,H9,fly,31,2,9:59,,,changed water 2017-12-04 10:42,,,,,,,,,,
h5o21,2/17/2012,,67,F2,fly,32,2,9:59,,,changed water 2017-12-05 9:41 ,,,,,,,,,,
h4o17,3/17/2012,,100,E10,wasp,11,1,9:26,,,,,,,,,,,,,
h11w8,4/17/2012,,64,D2,fly,3,2,10:38,,,,,,,,,,,,,
h3w4,9/17/2012,,76,C10,fly,14,2,19:58,,,,,,,,,,,,,
h8o13,9/17/2012,,62,A4,fly,20,2,19:58,,,,,,,,,,,,,
14b29,10/17/2012,,99,B11,fly,26,2,18:22,,,,,,,,,,,,,
h5r9,12/17/2012,,77,B12,fly,27,2,17:05,,,,,,,,,,,,,
h5o18,12/13/2017,,78,H4,fly,26,2,13:35,,,,,,,,,,,,,
h6b24,12/17/2017,,66,D8,fly,32,2,14:21,,,,,,,,,,,,,
18b23,12/18/2017,,111,H3,fly,30,2,13:56,,,,,,,,,,,,,
h2b32,12/18/2017,,83,B6,fly,11,2,13:56,,,,,,,,,,,,,
5b1,11/18/2002,,,B8,fly ,24,1,18:59,,,,,,,,,,,,,
5w26,2/13/2018,,19,A9,fly,26,1,13:56,,,,,,,,,,,,,
h4o13,2/26/2018,,154,D10,fly,31,2,13:23,,,,,,,,,,,,,
4o31,1/18/2003,,186,B10,fly,27,2,11:49,,,,,,,,,,,,,
3o50,5/18/2003,,41,D3,fly,9,2,11:45,,,,,,,,,,,,,
,,,,,,,,,,,,,,,,,,,,,
4w50,3/6/2018,,41,C1,fly,4,2,8:49,,,,,,,,,,,,,
4o69,3/7/2018,,42,D3,fly,31,1,12:35,,,,,,,,,,,,,
5w17,3/7/2018,,41,A7,fly,16,2,12:35,,,,,,,,,,,,,
2b47,3/8/2018,,45,B4 ,fly,18,2,13:01,,,,,,,,,,,,,
3w5,3/8/2018,,44,A5,fly,25,2,13:01,,,,,,,,,,,,,
5w24,3/9/2018,,43,A8,fly,1,2,12:58,,,,,,,,,,,,,
3o56,3/9/2018,,45,D8,fly,14,2,12:58,,,,,,,,,,,,,
11o10,3/9/2018,,37,C5,fly,32,2,12:58,,,,,,,,,,,,,
2b9,3/11/2018,,49,A4,fly,27,1,21:21,3/19/2018,,,,,,,,,,,,
2b27,3/11/2018,,49,A9,fly,20,2,21:20,3/19/2018,,,,,,,,,,,,
2r1,3/11/2018,,49,B7,fly,10,1,21:20,3/19/2018,,,,,,,,,,,,
2r22,3/11/2018,,49,C7,fly,7,1,21:19,3/19/2018,,,,,,,,,,,,
3o24,3/11/2018,,48,B9,fly,31,1,21:19,3/19/2018,,,,,,,,,,,,
4w39,3/11/2018,,47,B4,fly,25,1,21:17,3/19/2018,,,,,,,,,,,,
4w44,3/11/2018,,47,B8,fly,29,2,21:17,3/19/2018,,,,,,,,,,,,
5b21,3/11/2018,,46,C3,fly,16,1,21:16,3/19/2018,,,,,,,,,,,,
5b36,3/11/2018,,46,C6,fly,19,1,21:15,3/19/2018,,,,,,,,,,,,
2b34,3/12/2018,,50,A10,fly,2,1,20:05,3/20/2018,,,,,,,,,,,,
4o20,3/12/2018,,48,A8,fly,22,2,20:05,3/20/2018,,,,,,,,,,,,
4o68,3/12/2018,,48,D1,fly,17,1,20:06,3/20/2018,,,,,,,,,,,,
4o3,3/13/2018,,49,A1,fly,8,1,14:48,3/21/2018,,,,,,,,,,,,
4o33,3/13/2018,,49,B3,fly,11,1,14:48,3/21/2018,,,,,,,,,,,,
4w70,3/13/2018,,49,C11,fly,8,2,14:48,3/21/2018,,,,,,,,,,,,
11w36,3/13/2018,,42,A12,fly,12,1,14:47,3/21/2018,,,,,,,,,,,,
12b4,3/13/2018,,41,A1,fly,24,1,14:27,3/21/2018,,,,,,,,,,,,
12w57,3/13/2018,,41,D1,fly,2,2,14:46,3/21/2018,,,,,,,,,,,,
14b51,3/13/2018,,39,C1,fly,5,1,14:45,3/21/2018,,,,,,,,,,,,
3o17,3/14/2018,,51,B2,fly,25,2,16:13,3/22/2018,,,,,,,,,,,,
3w46,3/14/2018,,51,D2,fly,29,1,16:13,3/22/2018,,,,,,,,,,,,
3o39,3/14/2018,,51,C10,fly,32,2,16:12,3/22/2018,,,,,,,,,,,,
4o42,3/14/2018,,50,B9,fly,14,1,16:12,3/22/2018,,,,,,,,,,,,
5b67,3/14/2018,,49,D4,fly,17,2,16:11,3/22/2018,,,,,,,,,,,,
10w8,3/14/2018,,44,A5,fly,23,2,16:11,3/22/2018,,,,,,,,,,,,
11w37,3/14/2018,,43,B1,fly,14,2,16:09,3/22/2018,,,,,,,,,,,,
11w53,3/14/2018,,43,B8,fly,3,1,16:09,3/22/2018,,,,,,,,,,,,
4w3,3/15/2018,,51,A2,fly,31,2,11:01,3/23/2018,,,,,,,,,,,,
2b19,3/16/2018,,54,A7,fly,5,1,15:10,3/24/2018,,,,,,,,,,,,
3w49,3/16/2018,,53,D5,fly,25,1,15:10,3/24/2018,,,,,,,,,,,,
3w52,3/16/2018,,53,D6,fly,13,2,15:11,3/24/2018,,,,,,,,,,,,
4o22,3/16/2018,,52,A10,fly,2,2,15:11,3/24/2018,,,,,,,,,,,,
4w28,3/16/2018,,52,A12,fly,16,2,15:12,3/24/2018,,,,,,,,,,,,
4o43,3/16/2018,,52,B10,fly,12,1,15:12,3/24/2018,,,,,,,,,,,,
4o46,3/16/2018,,52,B11,fly,9,2,15:13,3/24/2018,,,,,,,,,,,,
11o21,3/16/2018,,45,C10,fly,22,1,15:13,3/24/2018,,,,,,,,,,,,
h1d1,3/17/2018,,,,,,,,3/25/2018,,,,,,,,,,,,
2r15,3/17/2018,,55,C2,fly,32,1,20:31,3/25/2018,,,,,,,,,,,,
4w41,3/17/2018,,53,B5,fly,9,1,20:31,3/25/2018,,,,,,,,,,,,
3w18,3/18/2018,,55,B4,fly,14,1,14:34,3/26/2018,,,,,,,,,,,,
3o54,3/18/2018,,55,D7,fly,1,2,14:34,3/26/2018,,,,,,,,,,,,
5w11,3/18/2018,,53,A3,fly,27,2,14:34,3/26/2018,,,,,,,,,,,,
5b2,3/18/2018,,53,B9,fly,13,1,14:34,3/26/2018,,,,,,,,,,,,
5b46,3/18/2018,,53,C10,fly,22,1,14:33,3/26/2018,,,,,,,,,,,,
10w5,3/18/2018,,48,A3,fly,16,2,14:32,3/26/2018,,,,,,,,,,,,
10o17,3/18/2018,,48,C7,fly,25,2,14:32,3/26/2018,,,,,,,,,,,,
10o71,3/18/2018,,48,E5,fly,14,2,14:31,3/26/2018,,,,,,,,,,,,
11w48,3/18/2018,,47,B6,fly,28,1,14:31,3/26/2018,,,,,,,,,,,,
2r18,3/19/2018,,57,C5,fly,3,2,14:42,3/27/2018,,,,,,,,,,,,
3w21,3/19/2018,,56,B7,fly,6,1,14:49,3/27/2018,,,,,,,,,,,,
3o33,3/19/2018,,56,C5,fly,18,1,14:43,3/27/2018,,,,,,,,,,,,
3w34,3/19/2018,,56,C9,fly,10,2,14:44,3/27/2018,,,,,,,,,,,,
5b44,3/19/2018,,54,C9,fly,24,2,14:44,3/27/2018,,,,,,,,,,,,
10o63,3/19/2018,,49,D12,fly,21,1,14:44,3/27/2018,,,,,,,,,,,,
12w23,3/19/2018,,47,B1,fly,11,1,14:45,3/27/2018,,,,,,,,,,,,
13r3,3/19/2018,,46,A1,fly,18,2,14:45,3/27/2018,,,,,,,,,,,,
3w17,3/20/2018,,57,B3,fly,26,2,15:08,3/28/2018,,,,,,,,,,,,
3o28,3/20/2018,,57,B12,fly,15,1,15:08,3/28/2018,,,,,,,,,,,,
4w75,3/20/2018,,56,D6,fly,29,2,15:08,3/28/2018,,,,,,,,,,,,
5b41,3/20/2018,,55,C7,fly,15,2,15:07,3/28/2018,,,,,,,,,,,,
5b12,3/20/2018,,55,B11,fly,6,1,15:07,3/28/2018,,,,,,,,,,,,
10w9,3/20/2018,,50,A6,fly,19,1,15:06,3/28/2018,,,,,,,,,,,,
10o35,3/20/2018,,50,D3,fly,20,2,15:06,3/28/2018,,,,,,,,,,,,
13o76,3/20/2018,,,,,,,,3/28/2018,,,,,,,,,,,,
2b1,3/22/2018,,59,A1,fly,17,1,12:43,3/30/2018,,,,,,,,,,,,
2b7,3/22/2018,,59,A3,fly,7,2,12:43,3/30/2018,,,,,,,,,,,,
3o21,3/22/2018,,58,B6,fly,20,1,12:43,3/30/2018,,,,,,,,,,,,
3o46,3/22/2018,,58,D1,fly,27,1,12:43,3/30/2018,,,,,,,,,,,,
3w56,3/22/2018,,58,D9,fly,5,2,12:43,3/30/2018,,,,,,,,,,,,
5b71,3/22/2018,,56,D6,fly,31,1,12:43,3/30/2018,,,,,,,,,,,,
11w16,3/22/2018,,50,A8,fly,10,1,12:43,3/30/2018,,,,,,,,,,,,
11w46,3/22/2018,,50,B5,fly,28,2,12:43,3/30/2018,,,,,,,,,,,,
11w66,3/22/2018,,50,B12,fly,7,1,12:43,3/30/2018,,,,,,,,,,,,
11o50,3/22/2018,,50,D7,fly,22,2,12:43,3/30/2018,,,,,,,,,,,,
13r66,3/22/2018,,48,D4,fly,8,2,12:43,3/30/2018,,,,,,,,,,,,
14b34,3/22/2018,,47,B2,fly,11,2,12:43,3/30/2018,,,,,,,,,,,,
14r61,3/22/2018,,47,C8,fly,2,1,12:43,3/30/2018,,,,,,,,,,,,
2r6,3/23/2018,,61,B10,fly,29,1,15:09,3/31/2018,,,,,,,,,,,,
3o25,3/23/2018,,59,B11,fly,30,1,15:09,3/31/2018,,,,,,,,,,,,
3o35,3/23/2018,,59,C8,fly,18,1,15:09,3/31/2018,,,,,,,,,,,,
4w72,3/23/2018,,58,D2,fly,16,1,15:09,3/31/2018,,,,,,,,,,,,
4o75,3/23/2018,,58,D8,fly,8,1,15:09,3/31/2018,,,,,,,,,,,,
5w9,3/23/2018,,57,A2,fly,17,1,15:09,3/31/2018,,,,,,,,,,,,
5w56,3/23/2018,,57,B5,fly,5,1,15:09,3/31/2018,,,,,,,,,,,,
10w27,3/23/2018,,52,A8,fly,30,2,15:09,3/31/2018,,,,,,,,,,,,
10o23,3/23/2018,,52,C9,fly,32,2,15:09,3/31/2018,,,,,,,,,,,,
10o64,3/23/2018,,52,E1,fly,3,1,15:09,3/31/2018,,,,,,,,,,,,
11w13,3/23/2018,,51,A6,fly,21,2,15:09,3/31/2018,,,,,,,,,,,,
11w65,3/23/2018,,51,B11,fly,17,2,15:09,3/31/2018,,,,,,,,,,,,
11o23,3/23/2018,,51,C11,fly,12,2,15:09,3/31/2018,,,,,,,,,,,,
12w21,3/23/2018,,50,A10,fly,24,1,15:09,3/31/2018,,,,,,,,,,,,
12b75,3/23/2018,,50,E3,fly,23,2,15:09,3/31/2018,,,,,,,,,,,,
14r58,3/23/2018,,48,C7,fly,19,2,15:09,3/31/2018,,,,,,,,,,,,
16o21,3/23/2018,,46,B6,fly,10,2,15:09,3/31/2018,,,,,,,,,,,,
3w27,3/24/2018,,61,C1,fly,29,2,20:11,4/1/2018,,,,,,,,,,,,
12w8,3/24/2018,,51,B3,fly,28,1,20:11,4/1/2018,,,,,,,,,,,,
14r49,3/24/2018,,49,B11,fly,18,6,20:11,4/1/2018,,,,,,,,,,,,
5w8,3/24/2018,,58,A1,fly,21,1,20:11,4/1/2018,,,,,,,,,,,,
5b69,3/24/2018,,58,D5,fly,4,6,20:11,4/1/2018,,,,,,,,,,,,
4w53,3/24/2018,,59,C3,fly,32,6,20:11,4/1/2018,,,,,,,,,,,,
4o57,3/24/2018,,59,C5,fly,31,2,20:11,4/1/2018,,,,,,,,,,,,
2r9,3/24/2018,,62,B11,fly,2,6,20:11,4/1/2018,,,,,,,,,,,,
2r11,3/24/2018,,62,B12,fly,1,6,20:11,4/1/2018,,,,,,,,,,,,
2r17,3/25/2018,,63,C4,fly,11,6,19:50,4/2/2018,,,,,,,,,,,,
2r29,3/25/2018,,63,C8,fly,5,6,19:50,4/2/2018,,,,,,,,,,,,
5w51,3/25/2018,,59,B3,fly,23,6,19:50,4/2/2018,,,,,,,,,,,,
11o9,3/25/2018,,53,C4,fly,12,6,19:50,4/2/2018,,,,,,,,,,,,
11o47,3/25/2018,,53,D6,fly,15,6,19:50,4/2/2018,,,,,,,,,,,,
12w15,3/25/2018,,52,A7,fly,27,6,19:50,4/2/2018,,,,,,,,,,,,
13o17,3/25/2018,,51,A11,fly,9,6,19:50,4/2/2018,,,,,,,,,,,,
10w40,3/26/2018,,55,A12,fly,25,1,14:23,4/3/2018,,,,,,,,,,,,
11o40,3/26/2018,,54,D2,fly,23,6,14:23,4/3/2018,,,,,,,,,,,,
12b29,3/26/2018,,53,B7,fly,7,6,14:23,4/3/2018,,,,,,,,,,,,
12w53,3/26/2018,,53,C10,fly,28,6,14:23,4/3/2018,,,,,,,,,,,,
12w59,3/26/2018,,53,D3,fly,21,6,14:23,4/3/2018,,,,,,,,,,,,
13r49,3/26/2018,,52,C5,fly,25,6,14:23,4/3/2018,,,,,,,,,,,,
16w29,3/26/2018,,49,B2,fly,6,6,14:23,4/3/2018,,,,,,,,,,,,
4o23,3/27/2018,,62,A11,fly,20,6,14:15,4/4/2018,,,,,,,,,,,,
5w35,3/27/2018,,61,A11,fly,32,1,14:15,4/4/2018,,,,,,,,,,,,
5w71,3/27/2018,,61,B7,fly,3,6,14:15,4/4/2018,,,,,,,,,,,,
10w46,3/27/2018,,56,B2,fly,16,6,14:15,4/4/2018,,,,,,,,,,,,
12b63,3/27/2018,,54,D6,fly,17,6,14:15,4/4/2018,,,,,,,,,,,,
13o6,3/27/2018,,53,A4,fly,1,2,14:15,4/4/2018,,,,,,,,,,,,
13r18,3/27/2018,,53,A12,fly,14,1,14:15,4/4/2018,,,,,,,,,,,,
3o13,3/28/2018,,64,A9,fly,3,2,20:27,4/5/2018,,,,,,,,,,,,
3w14,3/28/2018,,64,A11,fly,2,2,20:27,4/5/2018,,,,,,,,,,,,
12b73,3/28/2018,,55,E1,fly,7,2,20:27,4/5/2018,,,,,,,,,,,,
12w52,3/28/2018,,55,C8,fly,9,1,20:27,4/5/2018,,,,,,,,,,,,
10w36,3/28/2018,,57,A10,fly,10,6,20:27,4/5/2018,,,,,,,,,,,,
10o5,3/28/2018,,57,C1,fly,26,6,20:27,4/5/2018,,,,,,,,,,,,
10o25,3/28/2018,,57,C10,fly,30,1,20:27,4/5/2018,,,,,,,,,,,,
10o29,3/28/2018,,57,C12,fly,6,1,20:27,4/5/2018,,,,,,,,,,,,
16o26,3/28/2018,,51,E7,fly,9,2,20:27,4/5/2018,,,,,,,,,,,,
16w33,3/28/2018,,51,C8,fly,31,6,20:27,4/5/2018,,,,,,,,,,,,
10o41,3/29/2018,,58,D5,fly,29,6,12:02,4/6/2018,,,,,,,,,,,,
13r31,3/29/2018,,55,B8,fly,24,2,12:02,4/6/2018,,,,,,,,,,,,
13r41,3/29/2018,,55,C1,fly,12,1,12:02,4/6/2018,,,,,,,,,,,,
13r55,3/29/2018,,55,C8,fly,19,1,12:02,4/6/2018,,,,,,,,,,,,
18w4,3/29/2018,,50,D2,fly,13,6,12:02,4/6/2018,,,,,,,,,,,,
19o29,3/29/2018,,49,E5,fly,27,2,12:02,4/6/2018,,,,,,,,,,,,
20b4,3/29/2018,,48,F10,fly,26,1,12:02,4/6/2018,,,,,,,,,,,,
4w73,3/30/2018,,65,D4,fly,18,2,19:30,4/7/2018,,,,,,,,,,,,
10w69,3/30/2018,,59,B8,fly,13,2,19:30,4/7/2018,,,,,,,,,,,,
10o4,3/30/2018,,59,B12,fly,15,2,19:30,4/7/2018,,,,,,,,,,,,
10o42,3/30/2018,,59,D6,fly,26,2,19:30,4/7/2018,,,,,,,,,,,,
14r19,3/30/2018,,55,A7,fly,28,1,19:30,4/7/2018,,,,,,,,,,,,
13r5,3/30/2018,,56,A3,fly,20,2,19:30,4/7/2018,,,,,,,,,,,,
2b13,3/30/2018,,67,A5,fly,19,1,19:30,4/7/2018,,,,,,,,,,,,
12b35,3/30/2018,,57,B12,fly,29,2,19:30,4/7/2018,,,,,,,,,,,,
12w67,3/30/2018,,57,D10,fly,27,1,19:30,4/7/2018,,,,,,,,,,,,
19r25,3/30/2018,,50,A6,fly,11,1,19:30,4/7/2018,,,,,,,,,,,,
11w9,3/30/2018,,58,A4,fly,15,1,19:30,4/7/2018,,,,,,,,,,,,
11w11,3/31/2018,,59,A5,fly,25,6,18:36,4/8/2018,,,,,,,,,,,,
12w19,3/31/2018,,58,A9,fly,17,6,18:36,4/8/2018,,,,,,,,,,,,
16w32,3/31/2018,,54,H1,fly,29,1,18:36,4/8/2018,,,,,,,,,,,,
11o18,4/1/2018,,60,C9,fly,2,1,19:16,4/9/2018,,,,,,,,,,,,
12w37,4/1/2018,,59,C2,fly,22,2,19:16,4/9/2018,,,,,,,,,,,,
12w46,4/1/2018,,59,C6,fly,10,2,19:16,4/9/2018,,,,,,,,,,,,
13r19,4/1/2018,,58,B2,fly,8,1,19:16,4/9/2018,,,,,,,,,,,,
14r64,4/1/2018,,57,C10,fly,23,1,19:16,4/9/2018,,,,,,,,,,,,
4w71,4/2/2018,,68,C12,fly,17,2,14:47,4/10/2018,,,,,,,,,,,,
5w15,4/2/2018,,67,A5,fly,31,1,14:47,4/10/2018,,,,,,,,,,,,
5b42,4/2/2018,,67,C8,fly,2,2,14:47,4/10/2018,,,,,,,,,,,,
10w48,4/2/2018,,62,B4,fly,5,1,14:47,4/10/2018,,,,,,,,,,,,
10o10,4/2/2018,,62,C4,fly,8,2,14:47,4/10/2018,,,,,,,,,,,,
10o69,4/2/2018,,62,E3,fly,19,2,14:47,4/10/2018,,,,,,,,,,,,
11o16,4/2/2018,,61,C7,fly,14,6,14:47,4/10/2018,,,,,,,,,,,,
12b34,4/2/2018,,60,B10,fly,16,1,14:47,4/10/2018,,,,,,,,,,,,
12b52,4/2/2018,,60,C9,fly,32,2,14:47,4/10/2018,,,,,,,,,,,,
13o23,4/2/2018,,59,B6,fly,28,2,14:47,4/10/2018,,,,,,,,,,,,
14r28,4/2/2018,,58,A11,fly,18,1,14:47,4/10/2018,,,,,,,,,,,,
16w10,4/2/2018,,56,E3,fly,12,2,14:47,4/10/2018,,,,,,,,,,,,
16w20,4/2/2018,,56,C9,fly,3,1,14:47,4/10/2018,,,,,,,,,,,,
18b27,4/2/2018,,54,G2,fly,13,1,14:47,4/10/2018,,,,,,,,,,,,
18w11,4/2/2018,,54,G11,fly,8,6,14:47:00,4/10/2018,,,,,,,,,,,,
2b15,4/3/2018,,71,A6,wasp,1,6,14:10,4/11/2018,,,,,,,,,,,,
2r19,4/3/2018,,71,C6,fly,30,2,14:10,4/11/2018,,,,,,,,,,,,
4o72,4/3/2018,,69,D7,wasp,4,6,14:10,4/11/2018,,,,,,,,,,,,
13o3,4/3/2018,,60,A2,fly,24,1,14:10,4/11/2018,,,,,,,,,,,,
13r12,4/3/2018,,60,A9,fly,9,6,14:10,4/11/2018,,,,,,,,,,,,
18w22,4/3/2018,,55,D10,fly,27,6,14:10,4/11/2018,,,,,,,,,,,,
3o23,4/4/2018,,71,B8,fly,21,2,17:03,4/12/2018,,,,,,,,,,,,
10w30,4/4/2018,,64,A9,fly,31,2,17:03,4/12/2018,,,,,,,,,,,,
10w47,4/4/2018,,64,B3,fly,23,2,17:03,4/12/2018,,,,,,,,,,,,
10w74,4/4/2018,,64,B10,fly,19,2,17:03,4/12/2018,,,,,,,,,,,,
10o31,4/4/2018,,64,D2,fly,22,2,17:03,4/12/2018,,,,,,,,,,,,
11w5,4/4/2018,,63,A3,fly,7,1,17:03,4/12/2018,,,,,,,,,,,,
13o30,4/4/2018,,61,B9,fly,3,2,17:03,4/12/2018,,,,,,,,,,,,
13o63,4/4/2018,,61,D2,fly,11,2,17:03,4/12/2018,,,,,,,,,,,,
14b57,4/4/2018,,60,C6,fly,25,1,17:03,4/12/2018,,,,,,,,,,,,
16o34,4/4/2018,,58,D10,fly,17,1,17:03,4/12/2018,,,,,,,,,,,,
18b8,4/4/2018,,56,C3,fly,5,2,17:03,4/12/2018,,,,,,,,,,,,
18b3,4/4/2018,,56,D5,fly,4,2,17:03,4/12/2018,,,,,,,,,,,,
19o2,4/4/2018,,55,F5,fly,14,1,17:03,4/12/2018,,,,,,,,,,,,
20b10,4/4/2018,,54,G2,fly,10,1,17:03,4/12/2018,,,,,,,,,,,,
10w6,4/5/2018,,65,A4,fly,11,6,11:32,4/13/2018,,,,,,,,,,,,
12b67,4/5/2018,,63,D11,fly,16,6,11:32,4/13/2018,,,,,,,,,,,,
19r23,4/5/2018,,56,F2,fly,2,6,11:32,4/13/2018,,,,,,,,,,,,
3w40,4/6/2018,,73,C11,fly,12,1,20:15,4/14/2018,,,,,,,,,,,,
10w51,4/6/2018,,67,B5,fly,24,2,20:15,4/14/2018,,,,,,,,,,,,
10o56,4/6/2018,,67,D9,fly,11,2,20:15,4/14/2018,,,,,,,,,,,,
13o69,4/6/2018,,63,D7,fly,23,2,20:15,4/14/2018,,,,,,,,,,,,
14r16,4/6/2018,,62,A6,fly,30,1,20:15,4/14/2018,,,,,,,,,,,,
18w13,4/6/2018,,58,A11,fly,27,2,20:15,4/14/2018,,,,,,,,,,,,
h2r4,4/7/2018,,45,H9,fly,18,2,20:05,4/15/2018,,,,,,,,,,,,
3w19,4/7/2018,,74,B5,wasp,31,1,19:15,4/15/2018,,,,,,,,,,,,
3w48,4/7/2018,,74,D4,fly,13,2,20:05,4/15/2018,,,,,,,,,,,,
16w23,4/7/2018,,61,A1,fly,24,1,19:15,4/15/2018,,,,,,,,,,,,
10w71,4/8/2018,,68,B9,fly,31,1,11:36,4/16/2018,,,,,,,,,,,,
12w36,4/8/2018,,66,C1,fly,27,1,11:36,4/16/2018,,,,,,,,,,,,
13r21,4/8/2018,,65,B4,fly,11,1,11:36,4/16/2018,,,,,,,,,,,,
16o23,4/8/2018,,62,E6,fly,15,1,11:36,4/16/2018,,,,,,,,,,,,
4w42,4/9/2018,,75,B6,wasp,26,2,13:18,4/17/2018,,,,,,,,,,,,
13o70,4/9/2018,,66,D8,fly,25,1,13:18,4/17/2018,,,,,,,,,,,,
19o32,4/9/2018,,60,E3,fly,19,1,13:18,4/17/2018,,,,,,,,,,,,
10o6,4/10/2018,,70,C2,fly,2,1,11:29,4/18/2018,,,,,,,,,,,,
10o28,4/10/2018,,70,C11,fly,10,2,11:29,4/18/2018,,,,,,,,,,,,
16o27,4/10/2018,,64,B5,fly,26,1,11:29,4/18/2018,,,,,,,,,,,,
19o12,4/10/2018,,61,E12,fly,29,1,11:29,4/18/2018,,,,,,,,,,,,
11o43,4/10/2018,,69,D4,fly,8,1,11:29,4/18/2018,,,,,,,,,,,,
12w41,4/11/2018,,69,C4,fly,11,1,19:54,4/19/2018,,,,,,,,,,,,
14r6,4/11/2018,,67,A1,fly,20,1,19:54,4/19/2018,,,,,,,,,,,,
18w2,4/11/2018,,63,B7,fly,31,1,19:54,4/19/2018,,,,,,,,,,,,
h2r14,4/11/2018,,49,E4,fly,27,1,19:54,4/19/2018,,,,,,,,,,,,
16w13,4/12/2018,,66,B11,fly,9,1,11:27,4/20/2018,,,,,,,,,,,,
16o9,4/12/2018,,66,C10,fly,5,1,11:27,4/20/2018,,,,,,,,,,,,
20b11,4/12/2018,,62,B9,fly,8,1,11:27,4/20/2018,,,,,,,,,,,,
12w11,4/13/2018,,71,A6,fly,3,1,20:10,4/21/2018,,,,,,,,,,,,
19F11,4/13/2018,,64,F11,fly,8,1,20:10,4/21/2018,,,,,,,,,,,,
h3w19,4/13/2018,,50,E11,fly,16,1,20:10,4/21/2018,,,,,,,,,,,,
h1b11,4/14/2018,,53,B11,fly,32,2,19:10,4/22/2018,,,,,,,,,,,,
19r8,4/14/2018,,65,D8,fly,17,1,19:10,4/22/2018,,,,,,,,,,,,
13o14,4/14/2018,,71,A10,fly,1,2,19:10,4/22/2018,,,,,,,,,,,,
3o2,4/15/2018,,82,A2,fly,11,1,11:57,4/23/2018,,,,,,,,,,,,
4w58,4/15/2018,,81,C4,wasp,28,2,11:57,4/23/2018,,,,,,,,,,,,
h2b19,4/15/2018,,53,A5,fly,30,2,11:57,4/23/2018,,,,,,,,,,,,
h2b31,4/15/2018,,53,E11,fly,4,2,11:57,4/23/2018,,,,,,,,,,,,
10w13,4/16/2018,,226,A5,fly,3,2,13:06,4/24/2018,,,,,,,,,,,,
11o60,4/16/2018,,75,D9,fly,8,2,13:07,4/24/2018,,,,,,,,,,,,
18w25,4/16/2018,,68,E4,fly,13,1,13:07,4/24/2018,,,,,,,,,,,,
13r47,4/17/2018,,74,C4,fly,15,1,9:11,4/25/2018,,,,,,,,,,,,
h2r28,4/18/2018,,56,H1,fly,25,1,19:32,4/26/2018,,,,,,,,,,,,
4w16,4/18/2018,,84,A5,fly,7,1,19:32,4/26/2018,,,,,,,,,,,,
14r32,4/18/2018,,74,B12,fly,9,2,19:32,4/26/2018,,,,,,,,,,,,
14b61,4/18/2018,,74,C9,wasp,31,2,19:32,4/26/2018,,,,,,,,,,,,
12b21,4/19/2018,,77,A11,fly,18,2,11:02,4/27/2018,,,,,,,,,,,,
h4o5,4/19/2018,,55,G12,fly,2,2,11:02,4/27/2018,,,,,,,,,,,,
12a3,4/20/2018,,78,A3,fly,18,1,19:55,4/28/2018,,,,,,,,,,,,
14a10,4/20/2018,,76,A10,fly,17,1,19:55,4/28/2018,,,,,,,,,,,,
h1d3,4/20/2018,,59,D3,fly,30,1,19:55,4/28/2018,,,,,,,,,,,,
h3o6,4/20/2018,,57,E7,fly,1,2,19:55,4/28/2018,,,,,,,,,,,,
13o9,4/21/2018,,78,A8,fly,17,2,19:30,4/29/2018,,,,,,,,,,,,
14r33,4/21/2018,,77,B1,fly,9,1,19:30,4/29/2018,,,,,,,,,,,,
18b7,4/21/2018,,72,C7,fly,21,2,19:30,4/29/2018,,,,,,,,,,,,
hd1c11,4/21/2018,,60,C11,fly,1,1,19:30,4/29/2018,,,,,,,,,,,,
h5r14,4/21/2018,,56,C1,fly,5,1,19:30,4/29/2018,,,,,,,,,,,,
h2b33,4/22/2018,,60,F10,fly,16,1,9:39,4/30/2018,,,,,,,,,,,,
h1A5,4/23/2018,,62,A5,fly,27,1,13:23,5/1/2018,,,,,,,,,,,,
h1C9,4/23/2018,,62,C9,fly,11,1,13:23,5/1/2018,,,,,,,,,,,,
h7r59,4/23/2018,,56,D11,fly,32,1,13:23,5/1/2018,,,,,,,,,,,,
h2b22,4/23/2018,,61,C12,fly,24,2,13:23,5/1/2018,,,,,,,,,,,,
10o40,4/24/2018,,84,D4,fly,2,1,10:47,5/2/2018,,,,,,,,,,,,
14b52,4/24/2018,,80,C2,fly,20,2,10:47,5/2/2018,,,,,,,,,,,,
h2r5,4/24/2018,,62,A9,fly,32,2,10:47,5/2/2018,,,,,,,,,,,,
h2b10,4/24/2018,,62,B12,fly,14,1,10:47,5/2/2018,,,,,,,,,,,,
14b36,4/25/2018,,81,B3,fly,9,2,19:25,5/3/2018,,,,,,,,,,,,
h2r22,4/25/2018,,63,H5,fly,5,2,19:25,5/3/2018,,,,,,,,,,,,
h3w24,4/25/2018,,62,G4,fly,24,1,19:25,5/3/2018,,,,,,,,,,,,
hd1b2 ,4/27/2018,,66,B2,fly,16,2,18:47,5/5/2018,,,,,,,,,,,,
h2r21,4/27/2018,,65,A3,fly,26,1,18:47,5/5/2018,,,,,,,,,,,,
10w68,4/28/2018,,88,B7,fly,31,1,19:40,5/6/2018,,,,,,,,,,,,
h4w18,4/28/2018,,64,F5,fly,23,2,19:40,5/6/2018,,,,,,,,,,,,
h5o17,4/28/2018,,63,A5,fly,28,2,19:40,5/6/2018,,,,,,,,,,,,
h3o18,4/29/2018,,66,D10,fly,27,1,11:43,5/7/2018,,,,,,,,,,,,
10w4,4/29/2018,,89,A2,wasp,22,1,11:43,5/7/2018,,,,,,,,,,,,
13o34,4/30/2018,,87,B10,fly,6,1,13:45,5/8/2018,,,,,,,,,,,,
hd1b4 ,5/2/2018,,71,B4,fly,1,2,19:57,5/10/2018,,,,,,,,,,,,
h2b17,5/2/2018,,70,E5,fly,2,2,19:57,5/10/2018,,,,,,,,,,,,
h4w3,5/2/2018,,68,A10,fly,25,1,19:57,5/10/2018,,,,,,,,,,,,
h5r18,5/2/2018,,67,A12,fly,17,1,19:57,5/10/2018,,,,,,,,,,,,
hd1c9,5/3/2018,,72,C9,fly,1,1,11:09,5/11/2018,,,,,,,,,,,,
10o7,5/3/2018,,93,C3,fly,11,1,11:09,5/11/2018,,,,,,,,,,,,
h6w16,5/3/2018,,67,G2,fly,16,1,11:09,5/11/2018,,,,,,,,,,,,
h8o3,5/3/2018,,65,B8,fly,22,1,11:09,5/11/2018,,,,,,,,,,,,
h2r25,5/4/2018,,,E9,fly,3,1,20:02,5/12/2018,,,,,,,,,,,,
h4w19,5/4/2018,,,C6,fly,32,2,20:02,5/12/2018,,,,,,,,,,,,
h7r55,5/4/2018,,,B2,fly,18,2,20:02,5/12/2018,,,,,,,,,,,,
h5r2,5/5/2018,,,A8,fly,32,1,20:45,5/13/2018,,,,,,,,,,,,
h6w2,5/5/2018,,,F11,fly,4,2,20:45,5/13/2018,,,,,,,,,,,,
h5r20,5/7/2018,,,G5,fly,8,2,17:30,5/15/2018,,,,,,,,,,,,
h5o13,5/7/2018,,,E1,fly,31,2,17:30,5/15/2018,,,,,,,,,,,,
h5o7,5/7/2018,,,G11,fly,2,1,17:30,5/15/2018,,,,,,,,,,,,
h3o19,5/7/2018,,,B1,fly,13,1,17:30,5/15/2018,,,,,,,,,,,,
h2b11,5/7/2018,,,A10,fly,20,1,17:30,5/15/2018,,,,,,,,,,,,
h2b23,5/7/2018,,,H10,fly,26,2,17:30,5/15/2018,,,,,,,,,,,,
h7r52,5/8/2018,,,D7,fly,16,2,13:50,5/16/2018,,,,,,,,,,,,
h8o6,5/8/2018,,,B10,fly,21,2,13:50,5/16/2018,,,,,,,,,,,,
h6b13,5/10/2018,,,C4,fly,26,1,13:26,5/18/2018,,,,,,,,,,,,
h6b5,5/10/2018,,,F10,fly,7,1,13:26,5/18/2018,,,,,,,,,,,,
h6w14,5/10/2018,,,H12,fly,13,1,13:26,5/18/2018,,,,,,,,,,,,
h1C7,5/11/2018,,,,fly,,,,5/19/2018,,,,,,,,,,,,
h1b5,5/11/2018,,,,wasp,,,,5/19/2018,,,,,,,,,,,,
h1c10,5/11/2018,,,,wasp,,,,5/19/2018,,,,,,,,,,,,
h2b8,5/13/2018,,81,G11,fly,17,1,13:32,5/21/2018,,,,,,,,,,,,
<<<<<<< HEAD,,,,,,,,,,,,,,,,,,,,,
h1b8,5/16/2018,,,,fy,,,,5/25/2018,,,,,,,,,,,,
h1c2,5/16/2018,,,,fly,,,,5/25/2018,,,,,,,,,,,,
h1d2,5/16/2018,,,,fly,,,,5/25/2018,,,,,,,,,,,,
h2r6,5/16/2018,,84,D9,fly,16,1,19:25,5/25/2018,,,,,,,,,,,,
h4w24,5/16/2018,,82,G3,fly,24,1,19:25,5/25/2018,,,,,,,,,,,,
h6w27,5/16/2018,,80,G1,fly,7,1,19:25,5/25/2018,,,,,,,,,,,,
h9w1,5/16/2018,,77,H11,fly,25,1,19:25,5/25/2018,,,,,,,,,,,,
10o57,5/18/2018,,243,E10,fly,3,2,19:55,5/27/2018,,,,,,,,,,,,
h2b2,5/18/2018,,86,D8,fly,32,1,19:55,5/27/2018,,,,,,,,,,,,
h7r62,5/18/2018,,81,H6,fly,31,2,19:55,5/28/2018,,,,,,,,,,,,
h6b27,5/19/2018,,83,B9,fly,14,1,19:30,5/29/2018,,,,,,,,,,,,
h7r60,5/21/2018,,84,G10,fly,3,1,20:30,5/31/2018,,,,,,,,,,,,
h9o3,5/21/2018,,82,G10,fly,2,1,20:30,5/31/2018,,,,,,,,,,,,
h12w3,5/21/2018,,79,B10,fly,24,2,20:30,5/31/2018,,,,,,,,,,,,
h3w10,5/22/2018,,89,G3,wasp,18,1,13:28,6/1/2018,,,,,,,,,,,,
h3w11,5/22/2018,,89,G12,wasp,10,2,13:28,6/1/2018,,,,,,,,,,,,
h5r3,5/25/2018,,90,F1,fly,8,2,20:01,6/2/2018,,,,,,,,,,,,
h8w12,5/25/2018,,87,A11,wasp,2,1,20:01,6/2/2018,,,,,,,,,,,,
h6b20,5/26/2018,,90,G9,fly,9,2,20:00,6/3/2018,,,,,,,,,,,,
h3o15,5/29/2018,,96,A11,fly,20,1,13:02,6/6/2018,,,,,,,,,,,,
h1b8,5/16/2018,,,,fy,,,,5/24/2018,,,,,,,,,,,,
h1c2,5/16/2018,,,,fly,,,,5/24/2018,,,,,,,,,,,,
h1d2,5/16/2018,,,,fly,,,,5/24/2018,,,,,,,,,,,,
h2r6,5/16/2018,,84,D9,fly,16,1,19:25,5/24/2018,,,,,,,,,,,,
h4w24,5/16/2018,,82,G3,fly,24,1,19:25,5/24/2018,,,,,,,,,,,,
h6w27,5/16/2018,,80,G1,fly,7,1,19:25,5/24/2018,,,,,,,,,,,,
h9w1,5/16/2018,,77,H11,fly,25,1,19:25,5/24/2018,,,,,,,,,,,,
10o57,5/18/2018,,243,E10,fly,3,2,19:55,5/26/2018,,,,,,,,,,,,
h2b2,5/18/2018,,86,D8,fly,32,1,19:55,5/26/2018,,,,,,,,,,,,
h7r62,5/18/2018,,81,H6,fly,31,2,19:55,5/26/2018,,,,,,,,,,,,
h6b27,5/19/2018,,83,B9,fly,14,1,19:30,5/27/2018,,,,,,,,,,,,
h7r60,5/21/2018,,84,G10,fly,3,1,20:30,5/29/2018,,,,,,,,,,,,
h9o3,5/21/2018,,82,G10,fly,2,1,20:30,5/29/2018,,,,,,,,,,,,
h12w3,5/21/2018,,79,B10,fly,24,2,20:30,5/29/2018,,,,,,,,,,,,
h3w10,5/22/2018,,89,G3,wasp,18,1,13:28,5/30/2018,,,,,,,,,,,,
h3w11,5/22/2018,,89,G12,wasp,10,2,13:28,5/30/2018,,,,,,,,,,,,
h5r3,5/25/2018,,90,F1,fly,8,2,20:01,6/2/2018,,,,,,,,,,,,
h8w12,5/25/2018,,87,A11,wasp,2,1,20:01,6/2/2018,,,,,,,,,,,,
h6b20,5/26/2018,,90,G9,fly,9,2,20:00,6/3/2018,,,,,,,,,,,,
h3o15,5/29/2018,,96,A11,fly,20,1,13:02,6/6/2018,,,,,,,,,,,,
h6w6,5/30/2018,,94,C3,fly,12,2,13:58,6/7/2018,,,,,,,,,,,,
h2r27,6/2/2018,,101,F5,wasp,22,1,19:35,6/10/2018,,,,,,,,,,,,
h8w11,6/2/2018,,95,A4,fly,10,2,19:35,6/10/2018,,,,,,,,,,,,
h9w3,6/2/2018,,94,G7,fly,27,1,19:35,6/10/2018,,,,,,,,,,,,
14b19,6/3/2018,,255,B6,fly,25,1,10:50,6/11/2018,,,,,,,,,,,,
h6w29,6/3/2018,,98,G12,wasp,31,2,10:50,6/11/2018,,,,,,,,,,,,
h8o4,6/6/2018,,99,G4,wasp,24,1,13:34,6/14/2018,,,,,,,,,,,,
d8C12,6/17/2018,,290,C12,wasp,7,1,13:19,6/25/2018,,,,,,,,,,,,
h2r12,6/17/2018,,116,G12,wasp,29,1,13:19,6/25/2018,,,,,,,,,,,,
d8D6,6/18/2018,,291,D6,wasp,25,1,13:29,6/26/2018,,,,,,,,,,,,
h6b25,6/25/2018,,310,F2,fly,2,1,13:24,7/3/2018,,,,,,,,,,,,
12w64,7/3/2018,,287,D1,fly,2,1,15:40,7/3/2018,,,,,,,,,,,,
A6RT-H2,9/18/2018,,,H2,wasp,1,2,12:30,9/26/2018,,,,,,,,,,,,
A6RT-G3,9/21/2018,,,G3,fly,32,2,12:45,9/29/2018,,,,,,,,,,,,
A9RT-B8,9/21/2018,,,B8,wasp,8,2,12:45,9/29/2018,,,,,,,,,,,,
A12RT-E9,9/22/2018,,,E9,wasp,7,2,11:30,9/30/2018,,,,,,,,,,,,
A12RT-G3,9/22/2018,,,G3,wasp,25,2,11:30,9/30/2018,,,,,,,,,,,,
A6RT-C5,9/22/2018,,,C5,fly,30,2,11:30,9/30/2018,,,,,,,,,,,,
A6RT-E7,9/22/2018,,,E7,fly,20,2,11:30,9/30/2018,,,,,,,,,,,,
A6RT-H11,9/22/2018,,,H11,fly,16,2,11:30,9/30/2018,,,,,,,,,,,,
A8RT-C4,9/22/2018,,,C4,fly,9,2,11:30,9/30/2018,,,,,,,,,,,,
A8RT-E6,9/22/2018,,,E6,fly,27,2,11:30,9/30/2018,,,,,,,,,,,,
A8RT-F8,9/22/2018,,,F8,fly,14,2,11:30,9/30/2018,,,,,,,,,,,,
A7RT-G3,9/22/2018,,,G3,fly,4,2,11:30,9/30/2018,,,,,,,,,,,,
A15RT-A2,9/23/2018,,,A2,wasp,2,2,14:00,10/1/2018,,,,,,,,,,,,
A9RT-D12,9/23/2018,,,D12,fly,31,2,14:00,10/1/2018,,,,,,,,,,,,
A7RT-B3,9/23/2018,,,B3,fly,23,2,14:00,10/1/2018,,,,,,,,,,,,
A7RT-C1,9/23/2018,,,C1,fly,11,2,14:00,10/1/2018,,,,,,,,,,,,
A7RT-E12,9/23/2018,,,E12,fly,17,2,14:00,10/1/2018,,,,,,,,,,,,
A7RT-F9,9/23/2018,,,F9,fly,26,2,14:00,10/1/2018,,,,,,,,,,,,
A7RT-G7,9/23/2018,,,G7,fly,6,2,14:00,10/1/2018,,,,,,,,,,,,
A6RT-H6,9/24/2018,,,H6,fly,3,2,17:15,10/2/2018,,,,,,,,,,,,
A6RT-F12,9/24/2018,,,F12,fly,24,2,17:15,10/2/2018,,,,,,,,,,,,
A6RT-E1,9/24/2018,,,E1,fly,29,2,17:15,10/2/2018,,,,,,,,,,,,
A8RT-C9,9/24/2018,,,C9,fly,10,2,17:15,10/2/2018,,,,,,,,,,,,
A8RT-G10,9/24/2018,,,G10,fly,5,2,17:15,10/2/2018,,,,,,,,,,,,
A8RT-H3,9/24/2018,,,H3,fly,28,2,17:15,10/2/2018,,,,,,,,,,,,
A9RT-H5,9/24/2018,,,H5,fly,18,2,17:15,10/2/2018,,,,,,,,,,,,
A9RT-F7,9/24/2018,,,F7,fly,12,2,17:15,10/2/2018,,,,,,,,,,,,
A9RT-B6,9/24/2018,,,B6,fly,21,2,17:15,10/2/2018,,,,,,,,,,,,
A7RT-G6,9/24/2018,,,G6,fly,19,2,17:15,10/2/2018,,,,,,,,,,,,
A10RT-D9,9/24/2018,,,D9,fly,15,2,17:15,10/2/2018,,,,,,,,,,,,
A17RT-B7,9/24/2018,,,B7,wasp,13,2,17:15,10/2/2018,,,,,,,,,,,,
A12RT-E11,9/24/2018,,,E11,wasp,22,2,17:15,10/2/2018,,,,,,,,,,,,
A12RT-C10,9/24/2018,,,C10,wasp,1,1,17:15,10/2/2018,,,,,,,,,,,,
A11RT-C6,9/24/2018,,,C6,wasp,8,1,17:15,10/2/2018,,,,,,,,,,,,
A8RT-C3,9/25/2018,,,C3,fly,14,1,11:55,10/3/2018,,,,,,,,,,,,
A8RT-D11,9/25/2018,,,D11,fly,30,1,11:55,10/3/2018,,,,,,,,,,,,
A8RT-H10,9/25/2018,,,H10,fly,19,1,11:55,10/3/2018,,,,,,,,,,,,
A9RT-B3,9/25/2018,,,B3,fly,4,1,11:55,10/3/2018,,,,,,,,,,,,
h11w29_18,9/25/2018,,,F4,fly,21,1,11:55,10/3/2018,,,,,,,,,,,,
A10RT-H1,9/25/2018,,,H1,fly,3,1,11:55,10/3/2018,,,,,,,,,,,,
A11RT-C8,9/25/2018,,,C8,wasp,2,1,11:55,10/3/2018,,,,,,,,,,,,
A12RT-D12,9/26/2018,,,D12,fly,6,1,12:00,10/4/2018,,,,,,,,,,,,
A10RT-D5,9/26/2018,,,D5,fly,,1,,,,,,,,,,,,,,
A10RT-G7,9/26/2018,,,G7,fly,5,1,12:00,10/4/2018,,,,,,,,,,,,
A10RT-G8,9/26/2018,,,G8,fly,17,1,12:00,10/4/2018,,,,,,,,,,,,
A10RT-C12,9/26/2018,,,C12,fly,25,1,12:00,10/4/2018,,,,,,,,,,,,
h11b2_18,9/26/2018,,,E2,fly,28,1,12:00,10/4/2018,,,,,,,,,,,,
A9RT-F1,9/26/2018,,,F1,fly,26,1,12:00,10/4/2018,,,,,,,,,,,,
A15RT-F3,9/26/2018,,,F3,wasp,18,1,12:00,10/4/2018,,,,,,,,,,,,
A10RT-C2,9/27/2018,,,C2,fly,11,1,15:30,10/5/2018,,,,,,,,,,,,
A10RT-D2,9/27/2018,,,D2,fly,15,1,15:30,10/5/2018,,,,,,,,,,,,
A14RT-A12,9/27/2018,,,A12,fly,13,1,15:30,10/5/2018,,,,,,,,,,,,
A14RT-E1,9/27/2018,,,E1,fly,9,1,15:30,10/5/2018,,,,,,,,,,,,
A13RT-A11,9/27/2018,,,A11,fly,29,1,15:30,10/5/2018,,,,,,,,,,,,
A13RT-D2,9/27/2018,,,D2,fly,24,1,15:30,10/5/2018,,,,,,,,,,,,
A13RT-H7,9/27/2018,,,H7,fly,27,1,15:30,10/5/2018,,,,,,,,,,,,
A13RT-E5,9/27/2018,,,E5,fly,31,1,15:30,10/5/2018,,,,,,,,,,,,
h11b23_18,9/27/2018,,,D5,fly,10,1,15:30,10/5/2018,,,,,,,,,,,,
h11w35_18,9/27/2018,,,F3,fly,32,1,15:30,10/5/2018,,,,,,,,,,,,
h11b4_18,9/27/2018,,,H7,fly,16,1,15:30,10/5/2018,,,,,,,,,,,,
a12r10_18,9/27/2018,,,E12,fly,20,1,15:30,10/5/2018,,,,,,,,,,,,
A12RT-H5,9/27/2018,,,H5,fly,7,1,15:30,10/5/2018,,,,,,,,,,,,
CA-2-RT-1,9/27/2018,,,,wasp,23,1,15:30,10/5/2018,,,,,,,,,,,,
A2RT-C2,9/27/2018,,,C2,wasp,12,1,15:30,10/5/2018,,,,,,,,,,,,
A13RT-A2,9/28/2018,,,A2,fly,7,6,12:00,10/6/2018,,,,,,,,,,,,
A13RT-A8,9/28/2018,,,A8,fly,8,6,12:00,10/6/2018,,,,,,,,,,,,
A13RT-C12,9/28/2018,,,C12,fly,7,2,12:00,10/6/2018,,,,,,,,,,,,
A13RT-H4,9/28/2018,,,H4,fly,19,2,12:00,10/6/2018,,,,,,,,,,,,
A13RT-E10,9/28/2018,,,E10,fly,17,1,12:00,10/6/2018,,,,,,,,,,,,
A12RT-A1,9/28/2018,,,A1,fly,25,6,12:00,10/6/2018,,,,,,,,,,,,
A12RT-A12,9/28/2018,,,A12,fly,8,6,12:00,10/6/2018,,,,,,,,,,,,
a12r9_18,9/28/2018,,,B1,fly,32,6,12:00,10/6/2018,,,,,,,,,,,,
a12r12_18,9/28/2018,,,C3,fly,1,6,12:00,10/6/2018,,,,,,,,,,,,
a12o7_18,9/28/2018,,,G8,fly,25,2,12:00,10/6/2018,,,,,,,,,,,,
A12RT-G12,9/28/2018,,,G12,fly,22,1,12:00,10/6/2018,,,,,,,,,,,,
A14RT-A9,9/28/2018,,,A9,fly,17,6,12:00,10/6/2018,,,,,,,,,,,,
A14RT-F12,9/28/2018,,,F12,fly,6,6,12:00,10/6/2018,,,,,,,,,,,,
h11w38_18,9/28/2018,,,H11,fly,26,6,12:00,10/6/2018,,,,,,,,,,,,
h11b21_18,9/28/2018,,,B8,fly,3,6,12:00,10/6/2018,,,,,,,,,,,,
A15RT-A11,9/28/2018,,,A11,fly,31,6,12:00,10/6/2018,,,,,,,,,,,,
A15RT-G7,9/28/2018,,,G7,fly,2,6,12:00,10/6/2018,,,,,,,,,,,,
A14RT-G11,9/29/2018,,,G11,fly,9,6,11:30,10/7/2018,,,,,,,,,,,,
A14RT-H4,9/29/2018,,,H4,fly,5,6,11:30,10/7/2018,,,,,,,,,,,,
A12RT-C10,9/29/2018,,,C10,fly,27,6,11:30,10/7/2018,,,,,,,,,,,,
A13RT-E12,9/29/2018,,,E12,fly,16,6,11:30,10/7/2018,,,,,,,,,,,,
A15RT-A3,9/29/2018,,,A3,fly,24,6,11:30,10/7/2018,,,,,,,,,,,,
A15RT-B2,9/29/2018,,,B2,fly,15,6,11:30,10/7/2018,,,,,,,,,,,,
A17RT-B2,9/29/2018,,,B2,wasp,4,6,11:30,10/7/2018,,,,,,,,,,,,
h11w12_18,9/29/2018,,,A4,fly,10,6,11:30,10/7/2018,,,,,,,,,,,,
A6RT-1,9/29/2018,,,,wasp,11,6,11:30,10/7/2018,,,,,,,,,,,,
A12RT-C3,9/29/2018,,,C3,wasp,18,6,11:30,10/7/2018,,,,,,,,,,,,
A14RT-B9,9/30/2018,,,B9,fly,12,6,12:40,10/8/2018,,,,,,,,,,,,
A14RT-E7,9/30/2018,,,E7,fly,22,6,12:40,10/8/2018,,,,,,,,,,,,
A14RT-F7,9/30/2018,,,F7,fly,13,6,12:40,10/8/2018,,,,,,,,,,,,
A14RT-H9,9/30/2018,,,H9,fly,19,6,12:40,10/8/2018,,,,,,,,,,,,
A15RT-A9,9/30/2018,,,A9,fly,20,6,12:40,10/8/2018,,,,,,,,,,,,
A15RT-A10,9/30/2018,,,A10,fly,28,6,12:40,10/8/2018,,,,,,,,,,,,
A15RT-B1,9/30/2018,,,B1,fly,21,6,12:40,10/8/2018,,,,,,,,,,,,
A15RT-G1,9/30/2018,,,G1,fly,23,6,12:40,10/8/2018,,,,,,,,,,,,
A2-5RT-A9,9/30/2018,,,A9,wasp,30,6,12:40,10/8/2018,,,,,,,,,,,,
A2-6RT-A9,9/30/2018,,,A9,fly,14,6,12:40,10/8/2018,,,,,,,,,,,,
A6RT-2,9/30/2018,,,,wasp,29,6,12:40,10/8/2018,,,,,,,,,,,,
A17RT-A7,10/1/2018,,,A7,fly,13,2,14:55,10/9/2018,,,,,,,,,,,,
A17RT-A10,10/1/2018,,,A10,fly,32,2,14:55,10/9/2018,,,,,,,,,,,,
A15RT-G12,10/1/2018,,,G12,fly,1,2,14:55,10/9/2018,,,,,,,,,,,,
A15RT-G9,10/1/2018,,,G9,fly,20,2,14:55,10/9/2018,,,,,,,,,,,,
A2RT-1,10/1/2018,,,,fly,4,2,14:55,10/9/2018,,,,,,,,,,,,
A2RT-2,10/1/2018,,,,fly,18,1,14:55,10/9/2018,,,,,,,,,,,,
A2RT-3,10/1/2018,,,,wasp,17,1,14:55,10/9/2018,,,,,,,,,,,,
A6RT-B2,10/2/2018,,,B2,fly,27,2,11:40,10/10/2018,,,,,,,,,,,,
A17RT-A3,10/2/2018,,,A3,fly,23,2,11:40,10/10/2018,,,,,,,,,,,,
A17RT-G6,10/2/2018,,,G6,fly,30,2,11:40,10/10/2018,,,,,,,,,,,,
A17RT-G9,10/2/2018,,,G9,fly,31,2,11:40,10/10/2018,,,,,,,,,,,,
A2RT-4,10/2/2018,,,,fly,21,1,11:40,10/10/2018,,,,,,,,,,,,
A2RT-5,10/2/2018,,,,fly,23,1,11:40,10/10/2018,,,,,,,,,,,,
A2RT-6,10/2/2018,,,,fly,26,2,11:40,10/10/2018,,,,,,,,,,,,
A7RT-D11,10/3/2018,,,D11,fly,22,2,11:15,10/11/2018,,,,,,,,,,,,
A2RT-7,10/3/2018,,,,fly,2,2,11:15,10/11/2018,,,,,,,,,,,,
A2RT-8,10/3/2018,,,,fly,17,2,11:15,10/11/2018,,,,,,,,,,,,
A6RT-3,10/3/2018,,,,wasp,12,2,11:15,10/11/2018,,,,,,,,,,,,
A19RT-1,10/3/2018,,,,fly,21,2,11:15,10/11/2018,,,,,,,,,,,,
A17RT-B5,10/4/2018,,,B5,fly,24,2,14:20,10/12/2018,,,,,,,,,,,,
A2RT-9,10/4/2018,,,,fly,29,2,14:20,10/12/2018,,,,,,,,,,,,
A2RT-10,10/4/2018,,,,fly,28,2,14:20,10/12/2018,,,,,,,,,,,,
A19RT-2,10/4/2018,,,,fly,1,1,14:20,10/12/2018,,,,,,,,,,,,
A19RT-3,10/4/2018,,,,fly,2,1,14:20,10/12/2018,,,,,,,,,,,,
A8RT-C5,10/5/2018,,,C5,fly,9,2,11:50,10/13/2018,,,,,,,,,,,,
A7RT-A11,10/5/2018,,,A11,fly,3,1,11:50,10/13/2018,,,,,,,,,,,,
A2-7RT-C4,10/5/2018,,,C4,fly,4,1,11:50,10/13/2018,,,,,,,,,,,,
A6RT-4,10/5/2018,,,,fly,5,1,11:50,10/13/2018,,,,,,,,,,,,
A19RT-4,10/5/2018,,,,fly,6,1,11:50,10/13/2018,,,,,,,,,,,,
A6RT-5,10/6/2018,,,,wasp,6,2,10:20,10/14/2018,,,,,,,,,,,,
A6RT-6,10/6/2018,,,,fly,3,2,10:20,10/14/2018,,,,,,,,,,,,
A6RT-B4,10/6/2018,,,B4,fly,5,2,10:20,10/14/2018,,,,,,,,,,,,
A6RT-C1,10/6/2018,,,C1,fly,10,2,10:20,10/14/2018,,,,,,,,,,,,
A2-6RT-A1,10/6/2018,,,A1,fly,16,2,10:20,10/14/2018,,,,,,,,,,,,
A2-6RT-E4,10/6/2018,,,E4,fly,8,1,10:20,10/14/2018,,,,,,,,,,,,
A2-6RT-A3,10/7/2018,,,A3,fly,10,1,12:35,10/15/2018,,,,,,,,,,,,
A2-6RT-A6,10/7/2018,,,A6,fly,31,1,12:35,10/15/2018,,,,,,,,,,,,
A2-6RT-A10,10/7/2018,,,A10,fly,32,1,12:35,10/15/2018,,,,,,,,,,,,
A2-6RT-C1,10/7/2018,,,C1,fly,25,1,12:35,10/15/2018,,,,,,,,,,,,
A2-6RT-E3,10/7/2018,,,E3,fly,24,1,12:35,10/15/2018,,,,,,,,,,,,
A2-7RT-C1,10/7/2018,,,C1,fly,16,1,12:35,10/15/2018,,,,,,,,,,,,
A2-9RT-A8,10/7/2018,,,A8,wasp,7,1,12:35,10/15/2018,,,,,,,,,,,,
A2-11RT-F3,10/7/2018,,,F3,wasp,9,1,12:35,10/15/2018,,,,,,,,,,,,
a10r19_18,10/7/2018,,,A12,wasp,26,1,12:35,10/15/2018,,,,,,,,,,,,
A14RT-D11,10/8/2018,,,D11,fly,11,1,13:12,10/16/2018,,,,,,,,,,,,
A6RT-G7,10/8/2018,,,G7,fly,19,1,13:12,10/16/2018,,,,,,,,,,,,
A9RT-B12,10/8/2018,,,B12,fly,12,1,13:12,10/16/2018,,,,,,,,,,,,
A2-5RT-A6,10/8/2018,,,A6,fly,13,1,13:12,10/16/2018,,,,,,,,,,,,
A2-7RT-C3,10/8/2018,,,C3,fly,14,1,13:12,10/16/2018,,,,,,,,,,,,
A2-6RT-C3,10/8/2018,,,C3,fly,15,1,13:12,10/16/2018,,,,,,,,,,,,
A2-9RT-B5,10/9/2018,,,B5,fly,15,2,15:15,10/17/2018,,,,,,,,,,,,
A2-9RT-G6,10/9/2018,,,G6,fly,7,2,15:15,10/17/2018,,,,,,,,,,,,
A2-9RT-F9,10/9/2018,,,F9,fly,18,2,15:15,10/17/2018,,,,,,,,,,,,
A6RT-B9,10/9/2018,,,B9,fly,14,2,15:15,10/17/2018,,,,,,,,,,,,
A9RT-D8,10/9/2018,,,D8,fly,11,2,15:15,10/17/2018,,,,,,,,,,,,
A10RT-B7,10/9/2018,,,B7,fly,28,1,15:15,10/17/2018,,,,,,,,,,,,
h11w16_18,10/9/2018,,,G3,fly,30,1,15:15,10/17/2018,,,,,,,,,,,,
h11b34_18,10/9/2018,,,G8,fly,19,1,15:15,10/17/2018,,,,,,,,,,,,
a9b2_18,10/9/2018,,,A9,fly,22,1,15:15,10/17/2018,,,,,,,,,,,,
a9w27_18,10/9/2018,,,A12,fly,29,1,15:15,10/17/2018,,,,,,,,,,,,
a24w38_18,10/9/2018,,,D7,fly,20,1,15:15,10/17/2018,,,,,,,,,,,,
a9w12_18,10/9/2018,,,E7,fly,27,1,15:15,10/17/2018,,,,,,,,,,,,
A20-10RT-H2,10/10/2018,,,H2,fly,17,1,11:24,10/18/2018,,,,,,,,,,,,
A20-10RT-B1,10/10/2018,,,B1,fly,18,1,11:24,10/18/2018,,,,,,,,,,,,
A2-11RT-A1,10/10/2018,,,A1,fly,1,2,11:24,10/18/2018,,,,,,,,,,,,
A2-11RT-H2,10/10/2018,,,H2,fly,4,2,11:24,10/18/2018,,,,,,,,,,,,
A19RT-5,10/11/2018,,,,fly,7,6,14:00,10/19/2018,,,,,,,,,,,,
A13RT-F10,10/11/2018,,,F10,fly,2,6,14:00,10/19/2018,,,,,,,,,,,,
A8RT-D12,10/11/2018,,,D12,fly,1,6,14:00,10/19/2018,,,,,,,,,,,,
a11w14_18,10/11/2018,,,G12,fly,4,6,14:00,10/19/2018,,,,,,,,,,,,
a12o3_18,10/11/2018,,,H9,fly,32,2,14:00,10/19/2018,,,,,,,,,,,,
A2-11RT-B5,10/11/2018,,,B5,fly,8,6,14:00,10/19/2018,,,,,,,,,,,,
a9w1_18,10/11/2018,,,C6,fly,6,6,14:00,10/19/2018,,,,,,,,,,,,
a10r24_18,10/11/2018,,,F4,fly,20,2,14:00,10/19/2018,,,,,,,,,,,,
a10o27_18,10/11/2018,,,F8,fly,13,2,14:00,10/19/2018,,,,,,,,,,,,
H1RT-1-H,10/11/2018,,,,wasp,3,6,14:00,10/19/2018,,,,,,,,,,,,
a11w13_18,10/12/2018,,,H12,fly,5,2,11:50,10/20/2018,,,,,,,,,,,,
A10RT-D4,10/12/2018,,,D4,fly,21,2,11:50,10/20/2018,,,,,,,,,,,,
A10RT-E3,10/12/2018,,,E3,fly,32,2,11:50,10/20/2018,,,,,,,,,,,,
a11b5_18,10/12/2018,,,C4,fly,22,2,11:50,10/20/2018,,,,,,,,,,,,
a11w17_18,10/12/2018,,,D12,fly,27,2,11:50,10/20/2018,,,,,,,,,,,,
A2-13RT-E6,10/12/2018,,,E6,fly,12,2,11:50,10/20/2018,,,,,,,,,,,,
A2-12RT-A12,10/12/2018,,,A12,fly,23,2,11:50,10/20/2018,,,,,,,,,,,,
A2-12RT-C1,10/12/2018,,,C1,fly,26,2,11:50,10/20/2018,,,,,,,,,,,,
A2-12RT-G5,10/12/2018,,,G5,fly,30,2,11:50,10/20/2018,,,,,,,,,,,,
A2-12RT-G7,10/12/2018,,,G7,fly,17,2,11:50,10/20/2018,,,,,,,,,,,,
a11w35_18,10/12/2018,,,B5,fly,21,1,11:50,10/20/2018,,,,,,,,,,,,
A9RT-E4,10/12/2018,,,E4,fly,31,2,11:50,10/20/2018,,,,,,,,,,,,
A2-9RT-H1,10/12/2018,,,H1,fly,2,2,11:50,10/20/2018,,,,,,,,,,,,
A20-10RT-F4,10/12/2018,,,F4,fly,23,1,11:50,10/20/2018,,,,,,,,,,,,
A2-12RT-G8,10/13/2018,,,G8,fly,18,6,13:50,10/21/2018,,,,,,,,,,,,
A10RT-D7,10/13/2018,,,D7,fly,17,6,13:50,10/21/2018,,,,,,,,,,,,
a26w5_18,10/13/2018,,,A5,fly,25,6,13:50,10/21/2018,,,,,,,,,,,,
A13RT-A9,10/13/2018,,,A9,fly,24,6,13:50,10/21/2018,,,,,,,,,,,,
a11w3_18,10/13/2018,,,D1,fly,31,6,13:50,10/21/2018,,,,,,,,,,,,
A2-13RT-E3,10/13/2018,,,E3,fly,9,6,13:50,10/21/2018,,,,,,,,,,,,
A2-12RT-E7,10/13/2018,,,E7,fly,11,6,13:50,10/21/2018,,,,,,,,,,,,
A2-13RT-G1,10/13/2018,,,G1,fly,30,6,13:50,10/21/2018,,,,,,,,,,,,
A2-13RT-C3,10/13/2018,,,C3,fly,29,2,13:50,10/21/2018,,,,,,,,,,,,
A2-14RT-C4,10/13/2018,,,C4,fly,16,6,13:50,10/21/2018,,,,,,,,,,,,
A2-14RT-E4,10/13/2018,,,E4,fly,2,1,13:50,10/21/2018,,,,,,,,,,,,
a12w19_18,10/13/2018,,,A4,fly,28,2,13:50,10/21/2018,,,,,,,,,,,,
a12w44_18,10/13/2018,,,E5,fly,1,1,13:50,10/21/2018,,,,,,,,,,,,
A7RT-E3,10/13/2018,,,E3,fly,24,2,13:50,10/21/2018,,,,,,,,,,,,
A13RT-B5,10/14/2018,,,B5,fly,12,6,14:40,10/22/2018,,,,,,,,,,,,
A2-14RT-C6,10/14/2018,,,C6,fly,26,6,14:40,10/22/2018,,,,,,,,,,,,
a12w24_18,10/14/2018,,,F4,fly,22,6,14:40,10/22/2018,,,,,,,,,,,,
A10RT-B6,10/14/2018,,,B6,fly,27,6,14:40,10/22/2018,,,,,,,,,,,,
A2-12RT-D11,10/14/2018,,,D11,fly,29,6,14:40,10/22/2018,,,,,,,,,,,,
A2-13RT-E4,10/14/2018,,,E4,fly,10,6,14:40,10/22/2018,,,,,,,,,,,,
A2-13RT-E11,10/14/2018,,,E11,fly,23,6,14:40,10/22/2018,,,,,,,,,,,,
A2-13RT-C4,10/14/2018,,,C4,fly,13,6,14:40,10/22/2018,,,,,,,,,,,,
A2-15RT-F12,10/14/2018,,,F12,fly,15,6,14:40,10/22/2018,,,,,,,,,,,,
h-2RT-B11,10/14/2018,,,B11,wasp,14,6,14:40,10/22/2018,,,,,,,,,,,,
A2-14RT-A8,10/15/2018,,,A8,fly,3,1,14:25,10/23/2018,,,,,,,,,,,,
A2-14RT-C1,10/15/2018,,,C1,fly,4,1,14:25,10/23/2018,,,,,,,,,,,,
A2-14RT-C8,10/15/2018,,,C8,fly,5,1,14:25,10/23/2018,,,,,,,,,,,,
A9RT-E6,10/15/2018,,,E6,fly,6,1,14:25,10/23/2018,,,,,,,,,,,,
A2-16RT-C9,10/15/2018,,,C9,fly,8,1,14:25,10/23/2018,,,,,,,,,,,,
A2-13RT-E9,10/15/2018,,,E9,fly,9,2,14:25,10/23/2018,,,,,,,,,,,,
A2-13RT-C5,10/15/2018,,,C5,fly,10,2,14:25,10/23/2018,,,,,,,,,,,,
A2-12RT-B7,10/15/2018,,,B7,fly,3,2,14:25,10/23/2018,,,,,,,,,,,,
A8RT-H11,10/16/2018,,,H11,fly,16,2,12:50,10/24/2016,,,,,,,,,,,,
A2-16RT-F2,10/16/2018,,,F2,fly,19,6,12:50,10/24/2016,,,,,,,,,,,,
A2-16RT-F10,10/16/2018,,,F10,fly,20,6,12:50,10/24/2016,,,,,,,,,,,,
A2-16RT-H5,10/16/2018,,,H5,fly,21,6,12:50,10/24/2016,,,,,,,,,,,,
A9RT-C9,10/16/2018,,,C9,fly,28,6,12:50,10/24/2016,,,,,,,,,,,,
A2-24RT-B3,10/16/2018,,,B3,wasp,6,2,12:50,10/24/2016,,,,,,,,,,,,
h-3RT-D5,10/16/2018,,,D5,wasp,5,2,12:50,10/24/2016,,,,,,,,,,,,
A2-14RT-E1,10/16/2018,,,E1,fly,9,1,12:50,10/24/2016,,,,,,,,,,,,
H11RT-1-H,10/16/2018,,,,wasp,22,1,12:50,10/24/2016,,,,,,,,,,,,
<<<<<<< HEAD,,,,,,,,,,,,,,,,,,,,,
H1RT-2-H,10/16/2018,,,,wasp,7,2,20:00,10/25/2016,,,,,,,,,,,,
H1RT-3-H,10/16/2018,,,,wasp,13,1,20:00,10/25/2016,,,,,,,,,,,,
H1RT-4-H,10/16/2018,,,,wasp,15,2,20:00,10/25/2016,,,,,,,,,,,,
H1RT-5-H,10/16/2018,,,,wasp,18,2,20:00,10/25/2016,,,,,,,,,,,,
H1RT-6-H,10/16/2018,,,,wasp,12,1,20:00,10/25/2016,,,,,,,,,,,,
H1RT-7-H,10/16/2018,,,,wasp,25,6,20:00,10/25/2016,,,,,,,,,,,,
H1RT-8-H,10/16/2018,,,,wasp,19,1,20:00,10/25/2016,,,,,,,,,,,,
H1RT-9-H,10/16/2018,,,,wasp,11,1,20:00,10/25/2016,,,,,,,,,,,,
H1RT-10-H,10/16/2018,,,,wasp,15,1,20:00,10/25/2016,,,,,,,,,,,,
H1RT-11-H,10/16/2018,,,,wasp,10,1,20:00,10/25/2016,,,,,,,,,,,,
H1RT-12-H,10/16/2018,,,,wasp,31,1,20:00,10/25/2016,,,,,,,,,,,,
H1RT-13-H,10/16/2018,,,,wasp,14,1,20:00,10/25/2016,,,,,,,,,,,,
H1RT-14-H,10/16/2018,,,,wasp,25,1,20:00,10/25/2016,,,,,,,,,,,,
H1RT-15-H,10/16/2018,,,,wasp,26,1,20:00,10/25/2016,,,,,,,,,,,,
H1RT-16-H,10/16/2018,,,,wasp,30,1,20:00,10/25/2016,,,,,,,,,,,,
H1RT-17-H,10/16/2018,,,,wasp,32,1,20:00,10/25/2016,,,,,,,,,,,,
H1RT-18-H,10/16/2018,,,,wasp,7,1,20:00,10/25/2016,,,,,,,,,,,,
A6RT-C7,10/17/2018,,,C7,fly,,,,10/26/2018,,,,,,,,,,,,
A2-15RT-G1,10/17/2018,,,G1,fly,,,,10/26/2018,,,,,,,,,,,,
A9RT-A12,10/17/2018,,,A12,fly,,,,10/26/2018,,,,,,,,,,,,
A2-16RT-F6,10/17/2018,,,F6,fly,,,,10/26/2018,,,,,,,,,,,,
A2-17RT-A6,10/17/2018,,,A6,fly,,,,10/26/2018,,,,,,,,,,,,
h5b36_18,10/17/2018,,,D11,wasp,,,,10/26/2018,,,,,,,,,,,,
h3w46_18,10/17/2018,,,G5,wasp,,,,10/26/2018,,,,,,,,,,,,
H1RT-19-H,10/17/2018,,,,wasp,,,,10/26/2018,,,,,,,,,,,,
H1RT-20-H,10/17/2018,,,,wasp,,,,10/26/2018,,,,,,,,,,,,
H1RT-21-H,10/17/2018,,,,wasp,,,,10/26/2018,,,,,,,,,,,,
H1RT-22-H,10/17/2018,,,,wasp,,,,10/26/2018,,,,,,,,,,,,
H1RT-23-H,10/17/2018,,,,wasp,,,,10/26/2018,,,,,,,,,,,,
H1RT-24-H,10/17/2018,,,,wasp,,,,10/26/2018,,,,,,,,,,,,
H1RT-25-H,10/17/2018,,,,wasp,,,,10/26/2018,,,,,,,,,,,,
H1RT-26-H,10/17/2018,,,,wasp,,,,10/26/2018,,,,,,,,,,,,
=======,,,,,,,,,,,,,,,,,,,,,
H1RT-2-H,10/16/2018,,,,wasp,7,2,20:00,10/24/2016,,,,,,,,,,,,
H1RT-3-H,10/16/2018,,,,wasp,13,1,20:00,10/24/2016,,,,,,,,,,,,
H1RT-4-H,10/16/2018,,,,wasp,15,2,20:00,10/24/2016,,,,,,,,,,,,
H1RT-5-H,10/16/2018,,,,wasp,18,2,20:00,10/24/2016,,,,,,,,,,,,
H1RT-6-H,10/16/2018,,,,wasp,12,1,20:00,10/24/2016,,,,,,,,,,,,
H1RT-7-H,10/16/2018,,,,wasp,25,6,20:00,10/24/2016,,,,,,,,,,,,
H1RT-8-H,10/16/2018,,,,wasp,19,1,20:00,10/24/2016,,,,,,,,,,,,
H1RT-9-H,10/16/2018,,,,wasp,11,1,20:00,10/24/2016,,,,,,,,,,,,
H1RT-10-H,10/16/2018,,,,wasp,15,1,20:00,10/24/2016,,,,,,,,,,,,
H1RT-11-H,10/16/2018,,,,wasp,10,1,20:00,10/24/2016,,,,,,,,,,,,
H1RT-12-H,10/16/2018,,,,wasp,31,1,20:00,10/24/2016,,,,,,,,,,,,
H1RT-13-H,10/16/2018,,,,wasp,14,1,20:00,10/24/2016,,,,,,,,,,,,
H1RT-14-H,10/16/2018,,,,wasp,25,1,20:00,10/24/2016,,,,,,,,,,,,
H1RT-15-H,10/16/2018,,,,wasp,26,1,20:00,10/24/2016,,,,,,,,,,,,
H1RT-16-H,10/16/2018,,,,wasp,30,1,20:00,10/24/2016,,,,,,,,,,,,
H1RT-17-H,10/16/2018,,,,wasp,32,1,20:00,10/24/2016,,,,,,,,,,,,
H1RT-18-H,10/16/2018,,,,wasp,7,1,20:00,10/24/2016,,,,,,,,,,,,
A6RT-C7,10/17/2018,,,C7,fly,,,,10/25/2018,,stuck in food,,,,,,,,,,
A2-15RT-G1,10/17/2018,,,G1,fly,31,2,20:00,10/25/2018,,,,,,,,,,,,
A9RT-A12,10/17/2018,,,A12,fly,,,,10/25/2018,,,,,,,,,,,,
A2-16RT-F6,10/17/2018,,,F6,fly,32,2,20:00,10/25/2018,,missing,,,,,,,,,,
A2-17RT-A6,10/17/2018,,,A6,fly,2,2,20:00,10/25/2018,,,,,,,,,,,,
h5b36_18,10/17/2018,,,D11,wasp,28,1,20:00,10/25/2018,,,,,,,,,,,,
h3w46_18,10/17/2018,,,G5,wasp,20,1,20:00,10/25/2018,,,,,,,,,,,,
H1RT-19-H,10/17/2018,,,,wasp,14,2,20:00,10/25/2018,,,,,,,,,,,,
H1RT-20-H,10/17/2018,,,,wasp,4,2,20:00,10/25/2018,,,,,,,,,,,,
H1RT-21-H,10/17/2018,,,,wasp,17,1,20:00,10/25/2018,,,,,,,,,,,,
H1RT-22-H,10/17/2018,,,,wasp,30,1,20:00,10/25/2018,,,,,,,,,,,,
H1RT-23-H,10/17/2018,,,,wasp,1,2,20:00,10/25/2018,,,,,,,,,,,,
H1RT-24-H,10/17/2018,,,,wasp,27,1,20:00,10/25/2018,,,,,,,,,,,,
H1RT-25-H,10/17/2018,,,,wasp,11,2,20:00,10/25/2018,,,,,,,,,,,,
H1RT-26-H,10/17/2018,,,,wasp,18,1,20:00,10/25/2018,,,,,,,,,,,,
H1RT-27-H,10/18/2018,,,,wasp,3,6,20:00,10/26/2018,,,,,,,,,,,,
H1RT-28-H,10/18/2018,,,,wasp,23,1,20:00,10/26/2018,,,,,,,,,,,,
H1RT-29-H,10/18/2018,,,,wasp,21,1,20:00,10/26/2018,,,,,,,,,,,,
H1RT-30-H,10/18/2018,,,,wasp,8,6,20:00,10/26/2018,,,,,,,,,,,,
H1RT-31-H,10/18/2018,,,,wasp,4,6,20:00,10/26/2018,,,,,,,,,,,,
H1RT-32-H,10/18/2018,,,,wasp,6,6,20:00,10/26/2018,,,,,,,,,,,,
H1RT-33-H,10/18/2018,,,,wasp,2,6,20:00,10/26/2018,,,,,,,,,,,,
H1RT-34-H,10/18/2018,,,,wasp,7,6,20:00,10/26/2018,,,,,,,,,,,,
H1RT-35-H,10/18/2018,,,,wasp,1,6,20:00,10/26/2018,,,,,,,,,,,,
H1RT-36-H,10/18/2018,,,,wasp,25,2,20:00,10/26/2018,,,,,,,,,,,,
A2-16RT-A1,10/18/2018,,,,fly,27,2,20:00,10/26/2018,,,,,,,,,,,,
A2-16RT-A11,10/18/2018,,,,fly,12,2,20:00,10/26/2018,,,,,,,,,,,,
A2-16RT-C5,10/18/2018,,,,fly,13,2,20:00,10/26/2018,,,,,,,,,,,,
A2-16RT-C8,10/18/2018,,,,fly,,,20:00,10/26/2018,,,,,,,,,,,,
A2-16RT-F5,10/18/2018,,,,fly,21,2,20:00,10/26/2018,,,,,,,,,,,,
A2-16RT-H2,10/18/2018,,,,fly,17,2,20:00,10/26/2018,,,,,,,,,,,,
A2-17RT-C2,10/18/2018,,,,fly,,,20:00,10/26/2018,,,,,,,,,,,,
A2-17RT-E5,10/18/2018,,,,fly,22,2,20:00,10/26/2018,,,,,,,,,,,,
A2-19RT-A3,10/18/2018,,,,fly,20,2,20:00,10/26/2018,,,,,,,,,,,,
A8RT-G6,10/18/2018,,,,fly,,,20:00,10/26/2018,,,,,,,,,,,,
A13RT-D6,10/18/2018,,,,fly,18,6,17:20,10/26/2018,placed into trik 2018-10-21,,,,,,,,,,,
h5w14_18,10/18/2018,,,,wasp,23,2,20:00,10/26/2018,,,,,,,,,,,,
A12RT-D12,10/19/2018,,,D1,fly,16,6,20:00,10/27/2018,,,,,,,,,,,,
A12RT-H3,10/19/2018,,,H3,fly,2,2,17:20,10/27/2018,placed into trik 2018-10-21,,,,,,,,,,,
A2-16RT-A3,10/19/2018,,,A3,fly,11,6,20:00,10/27/2018,,,,,,,,,,,,
A2-20RT-A11,10/19/2018,,,A11,fly,29,1,20:00,10/27/2018,,,,,,,,,,,,
A2-18RT-A11,10/19/2018,,,A11,fly,9,6,20:00,10/27/2018,,,,,,,,,,,,
A2-18RT-E2,10/19/2018,,,E2,fly,14,1,20:00,10/27/2018,,,,,,,,,,,,
A9RT-F8,10/19/2018,,,F8,fly,24,6,20:00,10/27/2018,,,,,,,,,,,,
A2-19RT-A4,10/19/2018,,,A4,fly,19,1,17:20,10/27/2018,placed into trik 2018-10-21,,,,,,,,,,,
A2-19RT-A5,10/19/2018,,,A5,fly,16,1,20:00,10/27/2018,,,,,,,,,,,,
A2-17RT-E10,10/19/2018,,,E10,fly,died,,,10/27/2018,,,,,,,,,,,,
CA2RT-2,10/19/2018,,,,fly,11,2,17:20,10/27/2018,placed into trik 2018-10-21,,,,,,,,,,,
H1RT-37-H,10/19/2018,,,,wasp,24,2,20:00,10/27/2018,,,,,,,,,,,,
H1RT-38-H,10/19/2018,,,,wasp,30,6,20:00,10/27/2018,,,,,,,,,,,,
H1RT-39-H,10/19/2018,,,,wasp,14,6,20:00,10/27/2018,,,,,,,,,,,,
H1RT-40-H,10/19/2018,,,,wasp,28,2,20:00,10/27/2018,,,,,,,,,,,,
H1RT-41-H,10/19/2018,,,,wasp,29,2,20:00,10/27/2018,,,,,,,,,,,,
H1RT-42-H,10/19/2018,,,,wasp,31,6,20:00,10/27/2018,,,,,,,,,,,,
H1RT-43-H,10/19/2018,,,,wasp,1,1,20:00,10/27/2018,,,,,,,,,,,,
A15RT-A7,10/20/2018,,,A7,fly,,,,10/28/2018,,,,,,,,,,,,
A2-5RT-A7,10/20/2018,,,A7,fly,,,,10/28/2018,,,,,,,,,,,,
A9RT-B2,10/20/2018,,,B2,fly,,,,10/28/2018,,,,,,,,,,,,
A2-7RT-C2,10/20/2018,,,C2,fly,,,,10/28/2018,,,,,,,,,,,,
A2-A9RT-A2,10/20/2018,,,A2,fly,,,,10/28/2018,,,,,,,,,,,,
h2RT-E1,10/20/2018,,,E1,wasp,,,,10/28/2018,,,,,,,,,,,,
h2RT-E6,10/20/2018,,,E6,wasp,squished,,,10/28/2018,,,,,,,,,,,,
h2RT-G5,10/20/2018,,,G5,wasp,,,,10/28/2018,,,,,,,,,,,,
h2o6_18,10/20/2018,,,D6,wasp,14,6,19:50,10/28/2018,,,,,,,,,,,,
h5b27_18,10/20/2018,,,F4,wasp,26,6,19:50,10/28/2018,,,,,,,,,,,,
H-6RT-H3,10/20/2018,,,H3,wasp,12,6,19:50,10/28/2018,,,,,,,,,,,,
H1RT-44-H,10/20/2018,,,,wasp,,,,10/28/2018,,,,,,,,,,,,
H1RT-45-H,10/20/2018,,,,wasp,,,,10/28/2018,,,,,,,,,,,,
H1RT-46-H,10/20/2018,,,,wasp,,,,10/28/2018,,,,,,,,,,,,
A2-20RT-A2,10/21/2018,,,A2,fly,,,,10/29/2018,,,,,,,,,,,,
A2-20RT-C10,10/21/2018,,,C10,fly,,,,10/29/2018,,,,,,,,,,,,
A2-19RT-C5,10/21/2018,,,C5,fly,,,,10/29/2018,,,,,,,,,,,,
A2-18RT-A10,10/21/2018,,,A10,fly,,,,10/29/2018,,,,,,,,,,,,
A2-18RT-C4,10/21/2018,,,C4,fly,,,,10/29/2018,,,,,,,,,,,,
A2-18RT-E3,10/21/2018,,,E3,fly,,,,10/29/2018,,,,,,,,,,,,
A2-18RT-C10,10/21/2018,,,C10,fly,,,,10/29/2018,,,,,,,,,,,,
A9RT-A6,10/21/2018,,,A6,fly,,,,10/29/2018,,,,,,,,,,,,
A7RT-A9,10/21/2018,,,A9,fly,,,,10/29/2018,,,,,,,,,,,,
A13RT-A4,10/21/2018,,,A4,fly,,,,10/29/2018,,,,,,,,,,,,
h2o33_18,10/21/2018,,,G11,wasp,29,6,19:50,10/29/2018,,,,,,,,,,,,
h5b22_18,10/21/2018,,,F12,wasp,15,6,19:50,10/29/2018,,,,,,,,,,,,
H1RT-47-H,10/21/2018,,,,wasp,,,,10/29/2018,,,,,,,,,,,,
H1RT-48-H,10/21/2018,,,,wasp,,,,10/29/2018,,,,,,,,,,,,
H1RT-49-H,10/21/2018,,,,wasp,,,,10/29/2018,,,,,,,,,,,,
A17RT-A2,10/22/2018,,,A2,fly,,,,10/30/2018,,,,,,,,,,,,
A8RT-C2,10/22/2018,,,C2,fly,,,,10/30/2018,,,,,,,,,,,,
A7RT-G4,10/23/2018,,,G4,fly,,,,10/31/2018,,,,,,,,,,,,
A2-22RT-C1,10/23/2018,,,C1,fly,32,1,12:10,10/31/2018,,,,,,,,,,,,
a11w13_18,10/23/2018,,,C5,fly,6,2,12:10,10/31/2018,,,,,,,,,,,,
A6RT-7,10/23/2018,,,,fly,,,,10/31/2018,,,,,,,,,,,,
A6RT-8,10/23/2018,,,,fly,,,,10/31/2018,,,,,,,,,,,,
A2-20RT-A9,10/23/2018,,,A9,fly,,,,10/31/2018,,,,,,,,,,,,
h5b25_18,10/23/2018,,,A5,wasp,23,1,12:10,10/31/2018,,,,,,,,,,,,
A12RT-G3,10/24/2018,,,G3,fly,,,,11/1/2018,,,,,,,,,,,,
A2-21RT-A1,10/24/2018,,,A1,fly,,,,11/1/2018,,,,,,,,,,,,
A2-21RT-A8,10/24/2018,,,A8,fly,,,,11/1/2018,,,,,,,,,,,,
A7RT-E9,10/24/2018,,,E9,fly,,,,11/1/2018,,,,,,,,,,,,
A2-22RT-C2,10/24/2018,,,C2,fly,,,,11/1/2018,,,,,,,,,,,,
A6RT-G2,10/24/2018,,,G2,fly,,,,11/1/2018,,,,,,,,,,,,
A2-20RT-C7,10/24/2018,,,C7,fly,,,,11/1/2018,,,,,,,,,,,,
h-2RT-G6,10/24/2018,,,G6,fly,1,2,14:11,11/1/2018,,,,,,,,,,,,
A2-12RT-D5,10/25/2018,,,D5,fly,8,1,16:20,11/2/2018,,,,,,,,,,,,
A3-5RT-C2,10/25/2018,,,C2,fly,,,,11/2/2018,,,,,,,,,,,,
A14RT-B11,10/25/2018,,,B11,fly,,,,11/2/2018,,,,,,,,,,,,
h3b29_18,10/25/2018,,,F9,fly,17,1,16:20,11/2/2018,,,,,,,,,,,,
h3b41_18,10/25/2018,,,C2,fly,7,1,16:20,11/2/2018,,,,,,,,,,,,
h3w43_18,10/25/2018,,,C6,fly,3,1,16:20,11/2/2018,,,,,,,,,,,,
h2o2_18,10/25/2018,,,G12,fly,9,1,16:20,11/2/2018,,,,,,,,,,,,
CA2RT-3,10/25/2018,,,,fly,,,,11/2/2018,,,,,,,,,,,,
h3b40_18,10/25/2018,,,B11,fly,1,1,16:20,11/3/2018,,,,,,,,,,,,
A9RT-E12,10/26/2018,,,E12,fly,,,,11/4/2018,,,,,,,,,,,,
h-7RT-D10,10/26/2018,,,D10,wasp,10,1,10:45,11/4/2018,,,,,,,,,,,,
h5b31_18,10/26/2018,,,B4,fly,31,1,10:45,11/4/2018,,,,,,,,,,,,
h5b45_18,10/26/2018,,,F7,fly,6,1,10:45,11/4/2018,,,,,,,,,,,,
h5b26_18,10/26/2018,,,G5,fly,25,1,10:45,11/4/2018,,,,,,,,,,,,
h5w15_18,10/27/2018,,,C3,fly,11,1,17:55,11/5/2018,,,,,,,,,,,,
A20-10RT-A8,10/27/2018,,,A8,fly,15,1,17:55,11/5/2018,,,,,,,,,,,,
A8RT-F1,10/27/2018,,,F1,fly,,,,11/5/2018,,,,,,,,,,,,
A17RT-A11,10/27/2018,,,A11,fly,,,,11/5/2018,,,,,,,,,,,,
A2-17RT-C4,10/27/2018,,,C4,fly,,,,11/5/2018,,,,,,,,,,,,
h-4RT-E3,10/27/2018,,,E3,fly,26,1,17:55,11/5/2018,,,,,,,,,,,,
h-4RT-F1,10/27/2018,,,F1,fly,18,1,17:55,11/5/2018,,,,,,,,,,,,
h-5RT-G2,10/27/2018,,,G2,fly,22,1,17:55,11/5/2018,,,,,,,,,,,,
h-7RT-G11,10/28/2018,,,G11,wasp,4,1,17:00,11/6/2018,,,,,,,,,,,,
h5b28_18,10/28/2018,,,H1,fly,10,1,17:00,11/6/2018,,,,,,,,,,,,
h5b8_18,10/28/2018,,,F11,fly,12,1,17:00,11/6/2018,,,,,,,,,,,,
A2-15RT-B8,10/28/2018,,,B8,fly,,,,11/6/2018,,,,,,,,,,,,
H-6RT-B5,10/29/2018,,,B5,fly,15,2,13:27,11/7/2018,,,,,,,,,,,,
A2-11RT-G9,10/30/2018,,,G9,fly,16,2,13:20,11/8/2018,,,,,,,,,,,,
a11b23_18,10/30/2018,,,F4,fly,8,2,13:20,11/8/2018,,,,,,,,,,,,
h-5RT-B1,10/30/2018,,,B11,fly,10,2,13:20,11/8/2018,,,,,,,,,,,,
a10o5_18,10/31/2018,,,D4,fly,17,2,11:50,11/9/2018,,,,,,,,,,,,
a11b26_18,11/1/2018,,,H1,fly,18,2,15:50,11/10/2018,,,,,,,,,,,,
A20-10RT-D7,11/2/2018,,,D7,fly,16,1,14:30,11/11/2018,,,,,,,,,,,,
a24w18_18,11/4/2018,,,C4,fly,8,1,14:00,11/12/2018,,,,,,,,,,,,
a11b29_18,11/5/2018,,,F6,fly,1,1,12:45,11/13/2018,,,,,,,,,,,,
a10o23_18,11/6/2018,,,B6,fly,3,1,10:53,11/14/2018,,,,,,,,,,,,
A17RT-A2,11/6/2018,,,,fly,4,1,12:35,11/14/2018,,,,,,,,,,,,
A15RT-A7,11/6/2018,,,,fly,6,1,12:35,11/14/2018,,,,,,,,,,,,
A17RT-A11,11/6/2018,,,,fly,7,1,12:35,11/14/2018,,,,,,,,,,,,
A2-12RT-A8,11/6/2018,,,,fly,9,1,12:35,11/14/2018,,,,,,,,,,,,
A2-17RT-C4,11/6/2018,,,,fly,10,1,12:35,11/14/2018,,,,,,,,,,,,
A13RT-A4,11/6/2018,,,,fly,11,1,12:35,11/14/2018,,,,,,,,,,,,
CA2RT-3,11/6/2018,,,,fly,15,1,12:35,11/14/2018,,,,,,,,,,,,
A2-18RT-E3,11/6/2018,,,,fly,14,1,12:35,11/14/2018,,,,,,,,,,,,
A2-20RT-A9,11/6/2018,,,,fly,13,1,12:35,11/14/2018,,,,,,,,,,,,
A3-7RT-A2,11/6/2018,,,,fly,17,1,12:35,11/14/2018,,,,,,,,,,,,
A8RT-C2,11/6/2018,,,,fly,18,1,12:35,11/14/2018,,,,,,,,,,,,
A2-19RT-A2,11/6/2018,,,,fly,19,1,12:35,11/14/2018,,,,,,,,,,,,
A2-19RT-C5,11/6/2018,,,,fly,20,1,12:35,11/14/2018,,,,,,,,,,,,
A8RT-F1,11/6/2018,,,,fly,21,1,12:35,11/14/2018,,,,,,,,,,,,
A8RT-H7,11/6/2018,,,,fly,22,1,12:35,11/14/2018,,,,,,,,,,,,
A2-20RT-C10,11/6/2018,,,,fly,23,1,12:35,11/14/2018,,,,,,,,,,,,
A8RT-G6,11/6/2018,,,,fly,25,1,12:35,11/14/2018,,,,,,,,,,,,
A9RT-A6,11/6/2018,,,,fly,26,1,12:35,11/14/2018,,,,,,,,,,,,
A7RT-A9,11/6/2018,,,,fly,27,1,12:35,11/14/2018,,,,,,,,,,,,
A9RT-B2,11/6/2018,,,,fly,28,1,12:35,11/14/2018,,,,,,,,,,,,
A2-11RT-F9,11/7/2018,,,F9,fly,25,2,13:09,11/15/2018,,,,,,,,,,,,
a11w23_18,11/7/2018,,,F7,fly,26,2,13:09,11/15/2018,,,,,,,,,,,,
a9w46_18,11/7/2018,,,E6,fly,27,2,13:42,11/15/2018,,,,,,,,,,,,
A2-15RT-G2,11/8/2018,,,G2,fly,20,2,14:38,11/16/2018,,,,,,,,,,,,
A2-15RT-F2,11/8/2018,,,F2,fly,19,2,14:38,11/16/2018,,,,,,,,,,,,
a11w9_18,11/8/2018,,,F12,fly,1,2,14:38,11/16/2018,,,,,,,,,,,,
A12RT-D6,11/8/2018,,,D6,fly,23,2,14:38,11/16/2018,,,,,,,,,,,,
A2-8RT-E10,11/8/2018,,,E10,fly,22,2,14:38,11/16/2018,,,,,,,,,,,,
A2-17RT-H4,11/8/2018,,,H4,fly,21,2,14:38,11/16/2018,,,,,,,,,,,,
A10RT-C8,11/8/2018,,,C8,fly,24,2,14:38,11/16/2018,,,,,,,,,,,,
A20-10RT-G10,11/9/2018,,,G10,fly,28,2,11:45,11/17/2018,,,,,,,,,,,,
a10o30_18,11/9/2018,,,H5,fly,29,2,11:45,11/17/2018,,,,,,,,,,,,
A15RT-G5,11/9/2018,,,G5,fly,30,2,11:45,11/17/2018,,,,,,,,,,,,
A2-17RT-A6,11/9/2018,,,A6,fly,31,2,11:45,11/17/2018,,,,,,,,,,,,
A2-14RT-A3,11/9/2018,,,A3,fly,32,2,11:45,11/17/2018,,,,,,,,,,,,
A2-14RT-E6,11/9/2018,,,E6,fly,16,2,11:45,11/17/2018,,,,,,,,,,,,
A2-9RT-H2,11/10/2018,,,H2,fly,5,1,14:45,11/18/2018,,,,,,,,,,,,
a12w6_18,11/10/2018,,,G9,fly,12,1,14:45,11/18/2018,,,,,,,,,,,,
A2-8RT-E1,11/10/2018,,,E1,fly,32,1,14:45,11/18/2018,,,,,,,,,,,,
A2-16RT-C6,11/11/2018,,,C6,fly,14,2,12:35,11/19/2018,,,,,,,,,,,,
A2-15RT-G3,11/11/2018,,,G3,fly,30,1,12:35,11/19/2018,,,,,,,,,,,,
A2-20RT-A3,11/11/2018,,,A3,fly,15,2,12:35,11/19/2018,,,,,,,,,,,,
A12RT-E11,11/11/2018,,,E1,fly,6,2,12:35,11/19/2018,,,,,,,,,,,,
A17RT-A6,11/11/2018,,,A6,fly,31,1,12:35,11/19/2018,,,,,,,,,,,,
A2-11RT-D3,11/11/2018,,,D3,fly,29,1,12:35,11/19/2018,,,,,,,,,,,,
A14RT-E3,11/11/2018,,,E3,fly,8,2,12:35,11/19/2018,,,,,,,,,,,,
A2-12RT-B6,11/14/2018,,,B6,fly,1,1,12:10,11/22/2018,,,,,,,,,,,,
A2-9RT-H4,11/14/2018,,,H4,fly,8,1,12:10,11/22/2018,,,,,,,,,,,,
a12o18_18,11/14/2018,,,B5,fly,16,1,12:10,11/22/2018,,,,,,,,,,,,
a10o15_18,11/15/2018,,,C9,fly,3,1,13:25,11/23/2018,,,,,,,,,,,,
a12w14_18,11/16/2018,,,E1,fly,7,1,15:20,11/24/2018,,,,,,,,,,,,
a12w13_18,11/18/2018,,,C11,fly,1,2,20:15,11/26/2018,,,,,,,,,,,,
A2-16RT-A10,11/18/2018,,,A10,wasp,16,2,20:15,11/26/2018,,,,,,,,,,,,
a11b33_18,11/19/2018,,,G10,fly,5,1,11:20,11/27/2018,,,,,,,,,,,,
a9w43_18,11/20/2018,,,D9,fly,32,2,11:08,11/28/2018,,,,,,,,,,,,
a11b15_18,11/20/2018,,,C1,fly,25,2,11:08,11/28/2018,,,,,,,,,,,,
A2-16RT-A2,11/21/2018,,,A2,fly,30,2,16:22,11/29/2018,,,,,,,,,,,,
A2-21RT-C2,11/21/2018,,,C2,fly,17,2,16:22,11/29/2018,,,,,,,,,,,,
h3b22_18,11/23/2018,,,C8,fly,18,2,17:00,12/1/2018,,,,,,,,,,,,
A2-7RT-E1,11/23/2018,,,E1,fly,20,2,17:00,12/1/2018,,,,,,,,,,,,
A2-17RT-E12,11/23/2018,,,E12,fly,26,2,17:00,12/1/2018,,,,,,,,,,,,
A2-19RT-A11,11/23/2018,,,A11,fly,28,2,17:00,12/1/2018,,,,,,,,,,,,
a12w17_18,11/26/2018,,,C1,fly,31,2,15:10,12/4/2018,,,,,,,,,,,,
a12w39_18,11/26/2018,,,C9,fly,24,2,15:10,12/4/2018,,,,,,,,,,,,
A3-13RT-F1,11/26/2018,,,F1,wasp,32,1,15:10,12/4/2018,,,,,,,,,,,,
h-2RT-C10,11/27/2018,,,C10,fly,8,1,14:00,12/5/2018,,,,,,,,,,,,
h2o26_18,11/29/2018,,,H12,fly,1,1,13:23,12/7/2018,,,,,,,,,,,,
h-5RT-B12,11/30/2018,,,B12,fly,3,1,15:25,12/8/2018,,,,,,,,,,,,
h-4RT-A6,12/2/2018,,,A6,fly,7,1,15:45,12/10/2018,,,,,,,,,,,,
h-2RT-C10,12/3/2018,,,C1,fly,31,1,14:40,12/11/2018,,,,,,,,,,,,
H-10RT-E1,12/6/2018,,,,fly,8,1,13:50,12/14/2018,,,,,,,,,,,,
h-9RT-A4,12/6/2018,,,,fly,32,1,13:50,12/14/2018,,,,,,,,,,,,
h-7RT-D1,12/6/2018,,,,fly,16,1,13:50,12/14/2018,,,,,,,,,,,,
h-7RT-B4,12/6/2018,,,,fly,25,1,13:50,12/14/2018,,,,,,,,,,,,
h-3RT-H6,12/8/2018,,,H6,fly,30,1,15:35,12/16/2018,,,,,,,,,,,,
h-8RT-C11,12/9/2018,,,C11,fly,1,2,13:48,12/17/2018,,,,,,,,,,,,
h-9RT-C9,12/9/2018,,,C9,fly,32,2,13:48,12/17/2018,,,,,,,,,,,,
h-9RT-D6,12/9/2018,,,D6,fly,26,1,13:48,12/17/2018,,,,,,,,,,,,
h4o35_18,12/10/2018,,,D1,fly,5,1,12:05,12/18/2018,,,,,,,,,,,,
h4o34_18,12/10/2018,,,G11,fly,2,1,12:05,12/18/2018,,,,,,,,,,,,
h2o7_18,12/10/2018,,,F8,fly,27,1,12:05,12/18/2018,,,,,,,,,,,,
A3-9RT-A1,12/13/2018,,,,fly,3,1,20:30,12/21/2018,,,,,,,,,,,,
A2-24RT-D3,12/13/2018,,,,fly,28,1,20:30,12/21/2018,,,,,,,,,,,,
A2-16RT-C7,12/13/2018,,,,fly,31,1,20:30,12/21/2018,,,,,,,,,,,,
A10RT-F5,12/13/2018,,,,fly,22,1,20:30,12/21/2018,,,,,,,,,,,,
A2-24RT-A2,12/13/2018,,,,fly,9,1,20:30,12/21/2018,,,,,,,,,,,,
A2-7RT-E7,12/13/2018,,,,fly,8,2,20:30,12/21/2018,,,,,,,,,,,,
A2-17RT-C12,12/13/2018,,,,fly,25,2,20:30,12/21/2018,,,,,,,,,,,,
A13RT-G11,12/13/2018,,,,fly,29,1,20:30,12/21/2018,,,,,,,,,,,,
h-4RT-D10,12/14/2018,,,D10,fly,15,1,14:10,12/22/2018,,,,,,,,,,,,
h-7RT-G3,12/14/2018,,,G3,fly,17,1,14:10,12/22/2018,,,,,,,,,,,,
10w39,12/16/2018,,,B7,fly,25,1,13:22,12/24/2018,,,,,,,,,,,,
h-5RT-D10,12/16/2018,,,D10,fly,12,1,13:22,12/24/2018,,,,,,,,,,,,
h-9RT-G8,12/16/2018,,,G8,fly,11,1,13:22,12/24/2018,,,,,,,,,,,,
A9RT-E5,1/7/2019,,,E5,wasp,1,2,13:55,1/15/2019,,,,,,,,,,,,
a12w5_18,1/7/2019,,,F5,fly,2,1,13:55,1/15/2019,,,,,,,,,,,,
A2-17RT-C5,1/8/2019,,,C5,fly,32,1,13:55,1/16/2019,,,,,,,,,,,,
A2-15RT-F7,2/10/2019,,,F7,fly,2,1,15:52,2/18/2019,,,,,,,,,,,,
A2-16RT-E6,2/16/2019,,,E6,fly,1,1,16:55,2/24/2019,,,,,,,,,,,,
h5b2_18,2/20/2019,,,A4,wasp,32,1,19:40,2/28/2019,,,,,,,,,,,,
A2-17RT-E8,2/20/2019,,,E8,fly,8,1,19:40,2/28/2019,,,,,,,,,,,,
A13RT-G3,2/23/2019,,,G3,fly,7,1,17:25,3/3/2019,,,,,,,,,,,,
A10SO-B9,2/24/2019,,,B9,fly,9,1,9:55,3/4/2019,,,,,,,,,,,,
a11w34_18,2/26/2019,,,D9,fly,8,1,16:10,3/6/2019,,,,,,,,,,,,
a12r5_18,3/5/2019,,,B8,fly,25,1,13:00,3/13/2019,,,,,,,,,,,,
A13RT-H9,3/5/2019,,,H9,fly,32,1,13:00,3/13/2019,,,,,,,,,,,,
h2w11_18,3/5/2019,,,H3,fly,1,1,13:00,3/13/2019,,,,,,,,,,,,
